nomer,judul_berita,isi_berita,Link
1,Video Update Kapal Virgo: Korban Tewas Jadi 6 Orang,"Tim SAR gabungan masih terus melakukan pencarian terhadap ratusan penumpang Kapal Virgo Transport 8 rute Surabaya–Banjarmasin yang hilang kontak akibat cuaca buruk sejak Minggu dini hari. Berdasarkan pembaruan data per pukul 14.30 WITA, sebanyak 103 korban dari total 243 penumpang berhasil dievakuasi, dengan enam orang di antaranya dikonfirmasi meninggal dunia.

Pihak Basarnas Banjarmasin menegaskan bahwa seluruh data jumlah korban yang dirilis telah melalui proses verifikasi ketat di posko utama. Masyarakat dan media diimbau untuk tidak menyebarluaskan video atau informasi simpang siur terkait musibah ini sebelum dipastikan kebenarannya oleh pihak berwenang.",https://20.detik.com/detikupdate/20260913-260913031/video-update-kapal-virgo-korban-tewas-jadi-6-orang
2,Kronologi Kebakaran di Surabaya Tewaskan Kakak Beradik dalam Kamar,"Dua anak yang masih kakak beradik jadi korban tewas kebakaran di dalam rumahnya di Jalan Simorejo XVI, Kelurahan Simomulyo, Kecamatan Sukomanunggal, Surabaya. Kedua korban ditemukan sudah tak bernyawa di dalam kamar yang terbakar.

Kedua korban adalah Kaffa Bihi Abdillah (7) dan adiknya, Khotibul Umam (5). Kedua bocah malang tersebut diduga adalah anak dari pemilik rumah Moch Kayis Khabibullah.

Kepala Dinas Pemadam Kebakaran dan Penyelamatan (DPKP) Surabaya, Laksita Rini Sevriani mengatakan kebakaran diperkirakan terjadi sekitar pukul 15.30 WIB. Kebakaran itu kemudian dilaporkan ke petugas damkar pukul 15.38 WIB.

Setiba di lokasi pukul 15.44 WIB, petugas sudah mendapati api sudah padam. Ini karena warga setempat sudah bahu membahu memadamkan api.

""Waktu petugas kami tiba di lokasi, api sudah padam disiram warga. Jadi petugas kami melanjutkan untuk pembasahan guna memastikan tidak ada sisa titik api,"" kata kepada detikJatim, Minggu (13/9/2026).

Nahas saat memeriksa kamar yang terbakar, lanjut Rini, petugas menemukan dua jenazah korban dalam kamar.

""Di satu kamar itu aja. Korban dua anak, infonya sedang tidur saat kejadian. Kebakaran ini pertama kali diketahui oleh warga sekitar yang melihat adanya kepulan asap dari dalam rumah,"" imbuh Rini.

Rini menjelaskan, warga yang melihat asap langsung berusaha masuk untuk memberikan pertolongan. Rumah dalam keadaan dapat diakses, namun saat menuju area kamar tempat sumber asap, warga mendapati pintu kamar dalam keadaan terkunci dari luar.

""Rumahnya bisa dibuka, tetapi ternyata pintu kamarnya terkunci dari luar. Model kuncinya itu seperti rantai pengait pintu yang biasanya ada di hotel, tapi ini dipasang di bagian luar doorframe dan dicantolkan oleh orang tuanya dari luar,"" jelasnya.

Menurutnya, kedua anak tersebut diduga sempat terbangun dan berusaha melarikan diri keluar kamar saat api mulai membesar. Namun, karena pintu terkunci rapat dari luar, usaha mereka gagal dan terjebak dalam kobaran asap dan api.

""Mungkin anaknya mau keluar melarikan diri, tapi karena kunci dipasang dari luar jadi tidak bisa buka pintu. Diduga korban meninggal dunia bukan karena luka bakar hebat, melainkan akibat menghirup asap pekat hingga kehabisan oksigen di dalam kamar yang sudah dipenuhi asap hitam,"" tuturnya.

Mengenai keberadaan orang tua korban, Rini menyebut bahwa saat insiden kebakaran, kedua orang tua korban sedang tidak berada di dalam rumah. ""Infonya orang tuanya sedang keluar, tidak ada di lokasi saat kejadian. Begitu tahu ada kebakaran dari laporan warga, mereka langsung kembali,"" ujarnya.

Masih menurut Rini, penyebab kebakaran sementara, diduga berasal dari korsleting listrik di dalam kamar. Api kemudian merembet ke material mudah terbakar seperti kasur.

""Dugaan awal karena korsleting listrik dari exhaust fan atau kipas angin di kamar, lalu apinya merembet menyambar kasur. Karena kasur yang terbakar, makanya menimbulkan asap yang sangat banyak dan pekat,"" terangnya.

Jenazah kedua korban selanjutnya dievakuasi oleh tim Inafis Polrestabes Surabaya dan dibawa ke Rumah Sakit Bhayangkara untuk pemeriksaan lebih lanjut.

Sebelumnya, warga di Jalan Simorejo XVI No. 4, Kelurahan Simomulyo, Kecamatan Sukomanunggal, Surabaya, Minggu (13/9/2026) dihebohkan dengan insiden kebakaran. Dua anak yang merupakan kakak beradik tewas mengenaskan setelah kamar yang mereka tempati mendadak terbakar saat pintu dalam kondisi dikunci dari luar.

Kedua korban tewas teridentifikasi Kaffa Bihi Abdillah (7) dan adiknya, Khotibul Umam (5). Kedua bocah malang tersebut diduga adalah anak dari pemilik rumah Moch Kayis Khabibullah.

Berdasarkan keterangan warga di lokasi kejadian, peristiwa memilukan itu bermula ketika titik api muncul dari dalam kamar rumah korban pada sore hari sekitar pukul 15.38 WIB. Warga perempuan bernama Riski lantas melaporkan musibah kebakaran itu ke petugas pemadam.",www.detik.com/jatim/berita/d-8661209/kronologi-kebakaran-di-surabaya-tewaskan-kakak-beradik-dalam-kamar
3,Video: Keluarga Kru Kapal Virgo Transport 8 Padati Posko SAR Surabaya,"Keluarga kru Kapal Virgo Transport 8 berdatangan ke posko SAR di Gedung Gapura Surya Nusantara, Surabaya. Mereka mengecek daftar manifes dan mencari informasi terkait keberadaan anggota keluarga yang menjadi kru kapal.",https://20.detik.com/detikupdate/20260913-260913028/video-keluarga-kru-kapal-virgo-transport-8-padati-posko-sar-surabaya
4,Fakta-fakta Beda Versi Penggerebekan Kasus Ekstasi di Diskotek Valhalla,"Kasus penangkapan lima orang karyawan Diskotek Valhalla Spectaclub Surabaya yang diduga terlibat dalam peredaran pil ekstasi di Surabaya berbuntut panjang. Pasalnya, antara polisi dan diskotek punya versi yang berbeda.

Berikut Fakta-fakta Beda Penggerebekan Versi Polisi dan Diskotek:
1. Bermula dari Penangkapan 5 Orang di Diskotek Valhalla

Kasus bermula saat Sat Renarkoba Polres Pelabuhan Tanjung Perak menyampaikan bahwa pihaknya telah menggerebek Diskotek Valhalla pada Sabtu (5/9). Dalam penggerebakan tersebut 5 orang diamankan karena diduga terkait peredaran pil ekstasi.

SCROLL TO CONTINUE WITH CONTENT

Kelima orang yang diamankan terdiri atas seorang pria berinisial DN, seorang penyedia jasa pemandu lagu (mami) berinisial A alias TH, dua orang pemandu lagu berinisial AN dan S, serta seorang staf server berinisial T.

""Benar, lima orang kami amankan di Diskotek Valhalla. Saat ini kasusnya masih kami dalami,"" kata Kasat Resnarkoba Polres Pelabuhan Tanjung Perak, AKP Adik Agus Putrawan, Sabtu (12/9/2026).

2. Penggerebekan Berawal dari Pengakuan Pengunjung

Agus menambahkan bahwa penggerebekan tersebut bermula dari pengakuan pengunjung yang kedapatan mengonsumsi ekstasi. Hal ini kemudian menjadi petunjuk penyidik menggerebek dan mengamankan lima orang.

""Kami masih mendalami peran masing-masing orang yang diamankan, sekaligus memburu terduga perantara, penyuplai, hingga produsen barang haram tersebut,"" tuturnya.

3. Manajemen Diskotek Valhalla Bantah Penggerebekan

Namun keterangan dari polisi tersebut langsung dibantah Manajemen Valhalla Spectaclub. Bantahan itu disampaikan Manajer Valhalla Spectaclub, Angga Kasianto.

Menurutnya, narasi penggerebekan di dalam diskotek yang berlokasi di Jalan Kombes Pol M. Duryat, Surabaya itu tidak sesuai dengan kenyataan di lapangan.

""Kami tegaskan bahwa tidak ada kegiatan penggerebekan, penggeledahan, maupun penangkapan yang dilakukan oleh aparat kepolisian di dalam gedung atau area operasional Valhalla Spectaclub,"" terang Angga dalam keterangan resminya yang diterima detikJatim.

4. Lima Orang Ditangkap di Luar Area Diskotek

Angga meluruskan bahwa kelima oknum yang diamankan pihak kepolisian tersebut sebenarnya ditangkap di luar area operasional Valhalla, yakni di kediaman masing-masing saat sedang libur atau izin. Tindakan para oknum itu sepenuhnya merupakan tanggung jawab pribadi dan tidak terkait dengan diskotek.

""Fakta hukum yang sebenarnya adalah kelima oknum (termasuk karyawan kami yang berinisial DN, TH, AN, S, dan T) diamankan oleh pihak kepolisian di luar area operasional Valhalla (di tempat/kediaman lain). Selain itu, pada saat ditangkap, oknum-oknum tersebut sedang dalam keadaan libur atau izin off,"" lanjutnya.

Angga pun menegaskan dalam keadaan demikian, segala tindak-tanduk kelima oknum karyawan Valhalla itu, termasuk saat ditangkap polisi, ada di dalam ranah pribadi dan tanggung jawab individu yang tidak ada sangkut pautnya dengan institusi Valhalla.

5. Valhalla Pecat Oknum Karyawan yang Terlibat Peredaran Ekstasi

Dia juga menegaskan bahwa manajemen telah menjatuhkan sanksi pemecatan kepada kelima oknum itu karena telah melanggar komitmen. Angga menjelaskan bahwa seluruh jajaran staf dan karyawan tanpa terkecuali telah menandatangani pakta integritas antinarkoba.

""Sebagai bentuk tindakan tegas perusahaan, oknum karyawan yang terbukti melanggar pakta integritas dan terlibat kasus hukum terkait narkotika tersebut telah langsung kami jatuhi sanksi pemecatan dengan tidak hormat. Kami mendukung penuh aparat penegak hukum memberantas narkoba di Surabaya,"" ujarnya.

6. Polisi Akui Tak Gerebek Diskotek

Terpisah, Kasat Resnarkoba Polres Pelabuhan Tanjung Perak, AKP Adik Agus Putrawan saat dikonfirmasi akhirnya mengakui dan membenarkan keterangan pihak Diskotek Valhalla.

""Lima orang diamankan di luar Valhalla, penangkapan tidak ada perlawanan,"" kata Putrawan kepada detikJatim, Sabtu (12/9/2026).

Putrawan menambahkan kelima orang yang ditangkap terdiri dari karyawan dan mantan karyawan Diskotek Valhalla. ""Ada yang masih aktif kerja di Valhala, ada yang sudah keluar kerja,"" ujarnya.

Putrawan menegaskan pihaknya kini masih mendalami kasus peredaran ekstasi tersebut. Ia juga membantah soal intervensi penanganan kasus narkoba yang menyasar mantan karyawan dan karyawan Diskotek Valhalla.

""Masih pengembangan perkara. Serangkaian ungkap perkara ini masih berjalan dan pengembangan,"" tutup eks Kanit Reskrim Polsek Waru itu.",www.detik.com/jatim/hukum-dan-kriminal/d-8660481/fakta-fakta-beda-versi-penggerebekan-kasus-ekstasi-di-diskotek-valhalla
5,Viral RS di Surabaya Penuh dengan Pasien Influenza Tipe A,"Sebuah unggahan di media sosial yang menyebut rumah sakit (RS) di Surabaya penuh dengan pasien menjadi sorotan. Dalam narasi unggahan disebutkan pasiennya tersebut didominasi karena sakit influenza tipe A.

""Hee rek jaga kesehatan ya, RS surabaya hampir semua full🥹."" Pada isi komen, akun tersebut membalas salah satu warganet yang menanyakan sakit apa, lalu dijawab ""Influenza tipe A,"" demikian keterangan utas Thread yang dibuat oleh akun @lailh__ yang dilihat detikJatim.

Influenza tipe A merupakan infeksi virus yang menyerang sistem pernapasan seperti hidung, tenggorokan, dan paru-paru. Jenis flu ini tergolong paling berbahaya karena sangat mudah menular, memicu gejala berat, serta berpotensi menyebabkan epidemi akibat cepat bermutasi.

SCROLL TO CONTINUE WITH CONTENT

Hospital Director RS PHC Surabaya dr Rony Kurniawan saat dikonfirmasi membenarkan adanya lonjakan pasien. Namun ia menepis bahwa kondisi rumah sakit penuh seperti yang dinarasikan dalam media sosial.

""Meningkat, tapi belum penuh. Diagnosa bermacam-macam, ada stroke, kecelakaan, penyakit jantung, dan lain-lain. Diagnosa mirip flu juga ada, meningkat, tapi bukan yang sangat banyak mendominasi,"" kata dr Rony kepada detikJatim, Minggu (13/9/2026).

Menurutnya, peningkatan jumlah pasien yang datang ke RS PHC sekitar 20-30 persen sejak sepekan terakhir. Faktor sakitnya pasien juga bervariasi, salah satunya adalah cuaca.

""Peningkatan untuk kasus mirip flu, terutama anak-anak, penyebab bisa banyak hal, cuaca juga bisa menjadi penyebab,"" jelasnya.

Senada, Kepala Seksi Humas Rumah Sakit Islam (RSI) Surabaya A. Yani, drg Dian Permata Asri juga membenarkan ada kenaikan pasien. Keluhan yang paling banyak yakni batuk dan pilek disebut paling ada banyak.

""Kalau pasien dengan batuk pilek banyak, namun tidak mengeluhkan batuk pileknya, tapi yang lain,"" ujarnya.",www.detik.com/jatim/berita/d-8660396/viral-rs-di-surabaya-penuh-dengan-pasien-influenza-tipe-a
6,BMKG Prediksi Awal Musim Hujan di Surabaya Mundur hingga Februari 2027,"BMKG Juanda mengimbau masyarakat meningkatkan kewaspadaan menghadapi dampak El Nino. Fenomena iklim alamiah ini diprakirakan terjadi hingga Februari 2027 dan berpotensi memundurkan awal musim hujan di Jawa Timur, khususnya di Surabaya.

Kepala Stasiun Meteorologi Kelas I Juanda Sidoarjo, Taufiq Hermawan mengatakan bahwa El Nino ditandai dengan peningkatan suhu permukaan laut di wilayah Pasifik bagian tengah dan timur. Kondisi ini menurunkan curah hujan dan membuat musim kemarau terasa lebih kering.

""Secara umum, dampak El Niño di Indonesia adalah berkurangnya curah hujan di sebagian besar wilayah. Ketika curah hujan berkurang, sumber daya air seperti waduk, sungai, maupun sumur juga bisa mengalami penurunan,"" kata Taufiq, Sabtu (12/9/2026).

SCROLL TO CONTINUE WITH CONTENT

Taufiq menjelaskan, kemarau yang berbarengan dengan El Nino berpotensi lebih panjang dibandingkan kondisi normal. Dampak buruk yang perlu diwaspadai ialah risiko kekeringan, berkurangnya ketersediaan air bersih, hingga potensi kebakaran hutan dan lahan (karhutla).

""Berdasarkan prakiraan BMKG dan Badan Meteorologi Dunia, El Nino diperkirakan masih berlangsung hingga Februari 2027. Dampaknya, awal musim hujan berpotensi mengalami kemunduran. Karena itu, mitigasi perlu diperkuat, terutama dalam pengelolaan sumber daya air dan kesiapsiagaan menghadapi kondisi kemarau,"" jelasnya.

Sementara Prakirawan BMKG Juanda, Siska Anggraeni mengatakan, wilayah Surabaya masih berada di puncak musim kemarau. Teriknya matahari siang hari dan rendahnya kelembapan udara bikin suhu terasa kian panas.

Bahkan, pada periode September hingga November yang seharusnya masuk musim penghujan, curah hujan di Surabaya diprakirakan relatif rendah akibat pengaruh El Nino yang masih cukup kuat.

""Pengaruh El Niño yang masih kuat ini kemungkinan akan memundurkan awal musim hujan. Jadi, curah hujan masih relatif rendah karena kondisi kemarau yang diperkuat oleh fenomena tersebut,"" kata Siska.

Menurutnya, minimnya tutupan awan menyebabkan radiasi matahari langsung menerpa permukaan bumi. Di wilayah perkotaan seperti Surabaya, kondisi ini diperparah oleh efek urban heat atau pemanasan perkotaan.

""Untuk hidrometeorologi kering di Surabaya, yang perlu diwaspadai antara lain kekeringan meteorologis, krisis suplai air bersih, serta potensi kebakaran lahan dan permukiman,"" pungkasnya.

BMKG Juanda menyampaikan, dampak kemarau di setiap sudut Kota Surabaya memiliki karakteristik ancaman yang berbeda-beda:

• Surabaya Barat & Selatan: Memiliki banyak vegetasi dan lahan terbuka, sehingga perlu meningkatkan kewaspadaan terhadap potensi kebakaran lahan.
• Surabaya Utara & Timur: Berada di kawasan pesisir, perlu mengantisipasi potensi banjir rob dan angin kencang.
• Surabaya Pusat: Perlu mewaspadai ancaman kekeringan dan angin kencang di tengah tingginya mobilitas masyarakat.",https://www.detik.com/jatim/berita/d-8659934/bmkg-prediksi-awal-musim-hujan-di-surabaya-mundur-hingga-februari-2027
7,7 Talenta SMK Jatim Siap Perkuat Indonesia di WorldSkills Shanghai 2026,"Talenta pendidikan vokasi Jawa Timur kembali menembus panggung dunia. Sebanyak tujuh talenta binaan SMK di Jawa Timur masuk dalam daftar 21 kandidat kompetitor Indonesia yang dipersiapkan berlaga pada WorldSkills Competition (WSC) Shanghai 2026 di Shanghai, Republik Rakyat Tiongkok.

WorldSkills Competition ke-48 tersebut akan berlangsung pada 22-27 September 2026. Seremoni pembukaan dijadwalkan pada 23 September, dan akan dilanjutkan pelaksanaan kompetisi pada 24-26 September.

Gubernur Jawa Timur Khofifah Indar Parawansa menyampaikan rasa bangga atas besarnya kontribusi talenta pendidikan vokasi Jawa Timur dalam memperkuat Indonesia di ajang keterampilan tingkat dunia.

SCROLL TO CONTINUE WITH CONTENT

Menurutnya, capaian ini tidak hanya menjadi kebanggaan bagi sekolah dan keluarga, tetapi juga menunjukkan bahwa kompetensi yang dibangun di SMK Jawa Timur siap diuji dan dipertemukan dengan standar keterampilan internasional.

""Alhamdulillah. Kami tentu bersyukur dan sangat bangga. Kualitas SMK Jawa Timur terus tumbuh dan semakin terbukti melalui berbagai prestasi yang diraih. Konsistensi menjadi Juara Umum LKS Nasional empat kali berturut-turut menunjukkan bahwa pembinaan kita berjalan, kualitas sekolah semakin kuat, dan talenta-talenta SMK Jawa Timur memang memiliki daya saing untuk tampil di level nasional hingga dunia,"" kata Gubernur Khofifah, Jumat (11/9/2026).

""Untuk anak-anakku, tunjukkan kemampuan terbaik kalian. Bawa harum nama Jawa Timur ke kancah dunia,"" imbuhnya.

Ketujuh talenta tersebut adalah Reno Surya Permana dan Rouf Aufa Rifqi dari SMKN 1 Jenangan Ponorogo yang mengikuti bidang Mechatronics, Edsel Parama Mustapa dari SMKS PGRI 3 Malang pada bidang Software Applications Development, serta Pandu Dewangga Reanata dari SMKN 1 Singosari pada bidang Industrial Control.

Selanjutnya, Muhammad Henry Akmal Muzakki dari SMKS Antartika 2 Sidoarjo pada bidang Robot Systems Integration, Dewangga Pratama Putra dari SMKS Krian 2 Sidoarjo pada bidang Autobody Repair, serta Tegar Eka Fitrianto dari SMKS Muhammadiyah 1 Kepanjen pada bidang Heavy Vehicle Technology.

Dengan demikian, tujuh talenta Jawa Timur tersebut dipersiapkan berkompetisi pada enam bidang keahlian, dengan dua kandidat sekaligus pada bidang Mechatronics. Enam di antaranya merupakan alumni SMK Jawa Timur, sedangkan Dewangga Pratama Putra masih tercatat sebagai murid kelas XII SMKS Krian 2 Sidoarjo.

Berdasarkan daftar kandidat kompetitor WSC Shanghai 2026, Jawa Timur menjadi daerah penyumbang kandidat terbanyak, yakni tujuh orang atau sepertiga dari keseluruhan 21 kandidat Indonesia.

Khofifah menilai, capaian tersebut menjadi penanda bahwa penguatan pendidikan vokasi di Jawa Timur tidak boleh berhenti pada kelulusan dan penyerapan tenaga kerja. Lebih dari itu, SMK harus menjadi ruang lahirnya generasi muda yang kompeten, produktif, kreatif, adaptif terhadap teknologi, serta memiliki daya saing global.

""Dari ruang-ruang kelas dan bengkel praktik SMK di Jawa Timur, anak-anak kita harus berani bermimpi menuju dunia. Mereka harus memiliki keyakinan bahwa keterampilan yang dipelajari hari ini dapat mengantarkan mereka berdiri sejajar dengan talenta-talenta terbaik dari berbagai negara,"" tegasnya.

Khofifah menambahkan, WorldSkills merupakan salah satu tolok ukur penting untuk melihat sejauh mana kompetensi pendidikan vokasi selaras dengan perkembangan industri internasional.

Sebab, yang diuji tidak hanya kemampuan menyelesaikan pekerjaan, tetapi juga presisi, kecepatan, inovasi, penguasaan teknologi, budaya kerja, disiplin, kemampuan memecahkan masalah, serta penerapan standar keselamatan dan kualitas kerja internasional.

Karena itu, Khofifah berpesan agar para kandidat kompetitor asal Jawa Timur tidak menjadikan perolehan medali sebagai satu-satunya tujuan.

""Target kita tentu memberikan hasil terbaik dan membawa pulang prestasi untuk Indonesia. Namun, saya ingin menitipkan satu hal: jangan hanya membawa pulang medali. Bawalah pulang standar dunia, pengalaman dunia, budaya kerja dunia, dan jejaring dunia untuk kemudian ditularkan kepada adik-adik di SMK Jawa Timur,"" ungkapnya.

Menurut Khofifah, pengalaman yang diperoleh dari Shanghai harus menjadi bagian dari proses alih pengetahuan dan pengalaman kepada sekolah-sekolah lainnya. Dengan demikian, satu talenta yang memperoleh pengalaman di panggung dunia diharapkan mampu memberikan dampak kepada ratusan bahkan ribuan murid lain di Jawa Timur.

""Prestasi harus memberikan dampak. Satu anak Jawa Timur yang belajar di level dunia harus mampu membawa pengetahuan baru bagi banyak anak lainnya. Dengan begitu, WorldSkills bukan hanya tentang tujuh orang yang berangkat, tetapi bagaimana standar dunia dapat masuk ke ruang-ruang praktik SMK kita,"" ujarnya.

Khofifah menegaskan, keberhasilan talenta-talenta tersebut merupakan buah dari ekosistem pendidikan vokasi yang melibatkan sekolah, guru, orang tua, pemerintah, serta dunia usaha, dunia industri, dan dunia kerja.

Terlebih, sebagian besar kandidat asal Jawa Timur telah berstatus alumni. Hal tersebut menunjukkan bahwa proses belajar dan peningkatan kompetensi tidak berhenti setelah seseorang menyelesaikan pendidikan di sekolah.

""Ijazah menandai selesainya satu jenjang pendidikan, tetapi proses belajar tidak pernah selesai. Anak-anak kita harus terus meningkatkan kompetensi, beradaptasi dengan perkembangan teknologi, dan berani mengambil peluang. Inilah karakter sumber daya manusia Jawa Timur yang ingin terus kita bangun,"" terangnya.

Khofifah pun mengajak seluruh masyarakat Jawa Timur memberikan dukungan dan doa kepada para kandidat kompetitor serta delegasi Indonesia yang akan berlaga di Shanghai.

""Bertandinglah dengan percaya diri. Jaga sportivitas, jaga nama baik Indonesia, dan tunjukkan bahwa talenta muda kita memiliki kompetensi, karakter, disiplin, serta semangat juang yang luar biasa. Insyaallah, dari Jawa Timur untuk Indonesia, kita terus melahirkan generasi yang tidak hanya menjadi juara di tingkat daerah dan nasional, tetapi juga mampu berdiri di panggung dunia,"" pungkasnya.

Sementara itu, Kepala Dinas Pendidikan Provinsi Jawa Timur Aries Agung Paewai menyampaikan rasa bangganya atas keberhasilan tujuh talenta binaan SMK Jawa Timur menembus panggung keterampilan dunia.

Menurutnya, capaian tersebut semakin membuktikan bahwa kualitas pendidikan vokasi di Jawa Timur terus tumbuh dan mampu melahirkan generasi yang kompeten serta berdaya saing global.

""Saya tentu sangat bangga. Kualitas SMK Jawa Timur terus tumbuh dan semakin terbukti melalui berbagai prestasi yang diraih. Konsistensi menjadi Juara Umum LKS Nasional empat kali berturut-turut menunjukkan bahwa pembinaan kita berjalan, kualitas sekolah semakin kuat, dan talenta-talenta SMK Jawa Timur memang memiliki daya saing untuk tampil di level nasional hingga dunia,"" ujar Aries.",www.detik.com/jatim/jatim-moncer/d-8658136/7-talenta-smk-jatim-siap-perkuat-indonesia-di-worldskills-shanghai-2026
8,6 Fakta Penyesalan Bos Sound Horeg Usai Sebut MUI Jatim Goblok,"Pernyataan pengusaha sound horeg asal Karanganyar, Jawa Tengah, Setyo Budi Mularso, saat menyebut Majelis Ulama Indonesia (MUI) Jawa Timur dengan kata ""goblok"" dalam siaran langsung televisi berbuntut panjang.

Potongan video pernyataan Budi kemudian viral di media sosial, tetapi polemik tersebut berujung pada permintaan maaf hingga keputusan Budi menjual perangkat sound horeg miliknya.

Budi mengaku khilaf setelah pernyataannya menjadi sorotan dan menyampaikan permintaan maaf kepada MUI. Sementara Ketua Komisi Fatwa MUI Jatim KH Ma'ruf Khozin memilih memaafkan dan tidak memperpanjang persoalan tersebut.

SCROLL TO CONTINUE WITH CONTENT

Berikut fakta-fakta polemik ini:
1. Budi sebut MUI Jatim goblok saat siaran langsung
Polemik bermula ketika Budi menjadi salah satu narasumber dalam acara Catatan Demokrasi bertema ""Sound Horeg: Musik Berujung Petaka"", yang disiarkan secara langsung di televisi nasional. Ia mendapat kesempatan menyampaikan pandangannya mengenai fatwa haram sound horeg yang dikeluarkan MUI Jatim.

Dalam kesempatan itu, Budi menilai MUI seharusnya melakukan pembinaan dan pendekatan kepada para pelaku usaha sound horeg sebelum mengeluarkan fatwa.

""MUI Jawa Timur itu bagi saya sendiri, itu sebuah kegoblokan MUI-nya sendiri. Kenapa? Karena MUI itu harusnya itu menjaga. Ini anak-anaknya loh. Saya tuh orang Jawa Tengah, saya menghormati. Saya menghormati dan saya cinta teman-teman Jawa Timur, tapi kegoblokannya MUI ini malah justru dipertontonkan seluruh Indonesia,"" kata Setyo dalam video yang dilihat detikJatim, Kamis (10/9/2026).

2. Kiai Ma'ruf tak terpancing dengan ucapan Budi
Pernyataan tersebut disampaikan Budi di hadapan Ketua Komisi Fatwa MUI Jatim KH Ma'ruf Khozin, yang kemudian memilih tidak terpancing dan menjelaskan bahwa pendapat Budi merupakan pandangan subjektif dari salah satu pelaku usaha sound horeg.

Kiai Ma'ruf juga menyoroti adanya pelaku sound horeg yang menurutnya tidak mematuhi aturan, sehingga kondisi di lapangan dinilai tidak bisa hanya dilihat dari sisi pelaku usaha yang menjalankan kegiatan sesuai ketentuan.

""Jadi, karena yang beliau sampaikan tentu ini adalah pandangan subjektif mereka, ya. Jadi yang misalnya yang mereka sampaikan adalah pendapat-pendapat yang sudah sesuai narasi, yang sudah sesuai dengan edaran Gubernur, dan lain sebagainya,"" bebernya.

""Tapi kalau kemudian dieksplor lebih jauh, karena pemilik sound ini, pemilik sound horeg ini tidak hanya beliau, ribuan, ya. Dan kemudian yang sampai ke kami, kami secara objektif ini yang kemudian menaati aturan. Tetapi banyak pula yang kemudian tidak mematuhi terhadap aturan. Nah, yang beliau sampaikan ini adalah yang baik-baiknya saja,"" imbuh Kiai Ma'ruf.

3. MUI sebut ada pelanggaran lain dalam praktik sound horeg
Kiai Ma'ruf mengatakan, persoalan sound horeg yang menjadi perhatian MUI Jatim tidak hanya berkaitan dengan tingkat kebisingan, tetapi juga sejumlah pelanggaran lain yang menurutnya ditemukan dalam kegiatan tertentu.

Dia mencontohkan adanya penggunaan dancer hingga minuman keras yang menurutnya kerap terlihat dalam sejumlah kegiatan sound horeg.

""Sementara peristiwa-peristiwa yang memang di situ melanggar mulai dari aturan dan lain sebagainya, tadi beliau bilang tidak ada dancer, itu mungkin di bagian beliau, tapi di bagian realitas yang lain jauh lebih besar, tinggal mudah kita melihat di YouTube bagaimana setiap ada yang namanya sound horeg selalu ada dancer-nya, bahkan sudah mulai terang-terangan minuman keras. Ini enggak pernah disampaikan oleh beliau,"" tambah Kiai Ma'ruf.

4. Kiai Ma'ruf mengaku tidak sakit hati
Meski pernyataannya viral dan menjadi sorotan, Kiai Ma'ruf mengaku tidak merasa sakit hati dengan ucapan Budi dan menyebut dirinya memang baru pertama kali bertemu dengan pengusaha sound horeg tersebut dalam acara televisi itu.

Dia juga menilai kritik yang disampaikan Budi sebagai pandangan pribadi dan memilih meresponsnya dengan tetap menjalankan peran MUI dalam memberikan pandangan keagamaan.

""Nggak ada, biasa saja, bagi kami, kalau dikatain seperti itu ya kami memang selalu harus belajar setiap hari,"" kata Kiai Ma'ruf kepada detikJatim, Kamis (10/9/2026).

5. Budi akhirnya minta maaf dan mengaku khilaf
Setelah pernyataannya ramai diperbincangkan, Budi menyampaikan permintaan maaf kepada MUI Jatim, MUI Jawa Tengah, MUI Pusat, serta MUI Kabupaten Karanganyar, dan mengaku menyesali pernyataannya. Dalam video permintaan maaf tersebut, Budi juga menyatakan tidak akan mengulangi perbuatannya dan mengaku bertobat atas pernyataan yang telah disampaikannya.

""Saya nama Setyo Budi, alamat Kabupaten Karanganyar, pada hari Rabu tanggal 9 September 2020 pukul 21.00 bertempat di rumah Ketua Majelis Ulama Indonesia Kabupaten Karanganyar Bapak Dr. Badaruddin menyatakan saya sangat menyesal atas pernyataan saya terhadap Majelis Ulama Indonesia Jawa Timur pada saat acara di TV One,"" kata Budi dalam video yang dilihat detikJatim, Kamis (10/9/2026).

""Saya memohon maaf kepada Majelis Ulama Indonesia Jawa Timur, Majelis Ulama Indonesia Jawa Tengah, Majelis Ulama Indonesia Pusat, dan Majelis Ulama Indonesia Kabupaten Karanganyar. Saya menyesal atas pernyataan saya yang saya sampaikan terhadap Majelis Ulama Indonesia Jawa Timur dan saya tidak akan mengulang perbuatan tersebut dan saya bertobat,"" tambahnya.

6. Ditegur istri dan anak, Budi jual perangkat sound horeg
Perkembangan terbaru, Budi memutuskan menjual perangkat sound horeg miliknya setelah mendapat teguran dari istri dan anaknya, sedangkan perangkat sound yang digunakan untuk kebutuhan konser tetap dipertahankan.

Budi mengatakan, keputusan tersebut diambil setelah keluarganya terus memberikan nasihat agar dirinya menjalankan usaha secara wajar, sementara dia mengaku bisnis sound horeg lebih banyak dijalani karena hobi daripada untuk mencari keuntungan besar.

""Daripada saya diceramahi anak istri, otomatis anak istri menceramahi 24 jam di rumah, sudah diberitahu untuk lebih baik yang wajar-wajar saja,"" jelasnya.

""Akhirnya saya putuskan kalau situasi ini sudah normal kayak gitu, biar saja tidak tahu-tahu dijual, dijual itu maknanya lebih spek horeg. Saya kan punya spek konser. Ini yang spek horeg, settingan horeg, saya lebih baik sudah tak perlu lagi,"" kata Budi saat dihubungi awak media, Kamis (14/9/2026).",https://www.detik.com/jatim/berita/d-8658094/6-fakta-penyesalan-bos-sound-horeg-usai-sebut-mui-jatim-goblok
9,"Viral Patahan Aktif di Surabaya, Pakar ITS: Ada, Tapi Belum Terverifikasi Aktif","Publik dan masyarakat Surabaya beberapa waktu kebelakang tengah dihebohkan dengan kabar yang mengkhawatirkan. Di tengah kondisi Indonesia yang tidak baik-baik saja, muncul kabar tentang ada patahan atau sesar aktif di Kota Pahlawan itu.

Ketika aktif, sesar disebut bisa menjadi salah satu sumber utama pemicu hadirnya gempa bumi. Terkait hal ini, pakar geologi sekaligus dosen Departemen Teknik Geofisika Institut Teknologi Sepuluh Nopember (ITS) Dr Ir Amien Widodo MSi beri pendapat.

Ia mengimbau agar masyarakat tidak panik terhadap informasi yang belum terverifikasi.

SCROLL TO CONTINUE WITH CONTENT

Amien menyebut sebelumnya ITS dan Pusat Survei Geologi, Badan Geologi Kementerian Energi dan Sumber Daya Mineral (ESDM) sudah meneliti keberadaan patahan di wilayah Surabaya. Hasil penelitian itu tertuang pada dokumen peta patahan di Jawa Timur yang dipublikasikan pada 2024.

Hasil penelitian itu menunjukkan ada dua patahan yang ada di Surabaya, yakni patahan Surabaya dan patahan Waru. Hadirnya kedua patahan ini juga sejalan dengan peta patahan di Indonesia yang disusun oleh Pusat Studi Gempa Nasional (Pusgen) 2024.

Menurut Amien, kedua patahan tersebut memang pernah mengalami pergerakan dan berpotensi aktif. Namun, saat ini patahan tersebut belum terverifikasi aktif.

""Patahan yang melewati Surabaya, Sidoarjo, hingga Bangkalan memang ada, tapi belum terverifikasi aktif,"" sebutnya dikutip dari laman ITS, Jumat (11/9/2026).

Keberadaaan patahan tidak serta-merta dapat dikategorikan sebagai sesar aktif. Untuk mengetahui patahan tersebut aktif atau tidak, diperlukan penelitian lebih lanjut hingga dihasilkan bukti dan kajian ilmiahnya.

""Kita harus memahami bahwa ada patahan yang aktif dan tidak aktif. Untuk menyebutnya sebagai patahan aktif, perlu dilakukan penelitian lebih lanjut,"" sambungnya.

Sarankan Pemkot Tetap Siap Siaga
Melihat informasi yang cepat hadir di media sosial, Amien meminta agar masyarakat lebih kritis dalam menyikapi informasi tersebut. Ia menilai, informasi yang belum melalui proses verifikasi ilmiah tidak seharusnya menjadi alasan untuk menimbulkan kepanikan di tengah masyarakat.

Walaupun belum terverifikasi aktif, Amien berpesan pemerintah daerah tetap perlu meningkatkan kesiapsiagaan terhadap potensi bencana gempa. Ia memberi saran langsung untuk pemerintah kota (Pemkot) Surabaya.

Salah satu upaya yang bisa dilakukan adalah menyiapkan alat pendeteksi pergerakan atau pergeseran tanah. Alat ini menjadi upaya pemantauan dan mitigasi.

Selain dipantau secara berkala, Pemkot perlu menyusun peta kawasan rawan gempa yang akan berguna untuk menentukan kebujakan pembangunan. Jika bangunan tetap dibangun di kawasan yang berisiko, bangunan tersebut perlu memenuhi standar tahan gempa, sehingga potensi dampak bisa ditekan.

""Langkah mitigasi tersebut menjadi penting agar informasi mengenai patahan tidak berhenti pada kekhawatiran, tetapi mendorong kesiapan menghadapi risiko bencana,"" tegasnya.

Bukan Patahan yang Berdiri Sendiri
Terkait kondisi patahan ini, Badan Meteorologi, Klimatologi, dan Geofisika (BMKG) Stasiun Geofisika sudah beri penjelasan. BMKG menegaskan tidak ada sesar yang berdiri sendiri, termasuk yang ada di Surabaya.

Plt Kepala BMKG Stasiun Geofisika Pasuruan, Suwarto menyebut sesar atau patahan di Surabaya juga demikian. Sesar Waru dan Sesar Surabaya merupakan bagian dari jalur sesar besar yakni Sesar Kendeng.

""Di Surabaya itu ada Sesar Waru dan Sesar Surabaya. Jadi itu masuk di bagian Sesar Kendeng sebenarnya, segmen dari Sesar Kendeng,"" ungkapnya dikutip dari detikJatim.

Seperti yang disampaikan Amien, Suwarto menyebut sudah ada peta geologi yang dibuat Badan Geologi bersama para ahli. Di sana, sudah disampaikan keberadaan patahan/sesar Kendeng di Surabaya.

Suwarto tidak menampik bila keberadaaan sesar ini bisa menimbulkan potensi gempa bumi di wilayah Surabaya dan sekitarnya. Berdasarkan data pemetaan, patahan Waru berpotensi menghadirkan gempa maksimum M 6,7 dan patahan Surabaya punya potensi hingga M,68.

""Ada, justru dengan adanya sesar itu, itu ada potensi kegempaannya. Maksimum kalau yang di Sesar Waru itu kan 6,7, dan di Surabaya itu potensi maksimumnya magnitudo 6,8. Jadi itu potensi yang tersimpan di dalam sesar itu ketika pada suatu saat gempa bisa maksimum seputar itu,"" kata Suwarto.

Meskipun begitu, BMKG mengimbau agar masyarakat tetap tenang dan tidak panik. Data yang disampaikan menjelaskan batasan potensi energi yang tersimpan secara ilmiah, bukan ramalan gempa yang pasti terjadi dalam waktu dekat.

""Tapi kan kita enggak tahu ya, wallahu a'lam apakah akan terjadi. Kapan-kapannya kita enggak tahu, kemudian apakah besar magnitudonya itu sampai maksimum atau hanya kecil. Patahnya juga tidak patah semua bisa jadi, mungkin hanya sebagian. Potensi-potensi itu kita hanya bisa memperkirakan,"" imbuhnya.",https://www.detik.com/edu/edutainment/d-8658106/viral-patahan-aktif-di-surabaya-pakar-its-ada-tapi-belum-terverifikasi-aktif
10,5 Fakta Sopir Alphard Seruduk 11 Motor-3 Mobil di Menur Jadi Tersangka,"Kecelakaan beruntun yang melibatkan Toyota Alphard dan belasan kendaraan di Jalan Menur Pumpungan, Surabaya, memasuki babak baru. Polisi menetapkan pengemudi Alphard bernopol N 1882 ACI, Yusuf (52), sebagai tersangka setelah mobil yang dikendarainya menyeruduk 11 sepeda motor dan tiga mobil pada Rabu (9/9/2026) sore.

Penetapan tersangka dilakukan setelah polisi melakukan serangkaian pemeriksaan dan penyelidikan terhadap kecelakaan tersebut. Berikut fakta-fakta terbaru kecelakaan yang menyebabkan lima orang menjadi korban dan masih menjalani perawatan di rumah sakit:

1. Sopir Alphard Resmi Jadi Tersangka
Polisi resmi menetapkan Yusuf (52), pengemudi Toyota Alphard N 1882 ACI, sebagai tersangka dalam kasus kecelakaan beruntun di Jalan Menur Pumpungan, Surabaya, setelah penyidik melakukan pemeriksaan terkait kejadian tersebut.

SCROLL TO CONTINUE WITH CONTENT

Meski status hukum Yusuf telah meningkat menjadi tersangka, polisi belum membeberkan pasal tindak pidana lalu lintas yang disangkakan kepadanya.

""Sudah (ditetapkan sebagai tersangka),"" ujar Kanit Gakkum Satlantas Polrestabes Surabaya Iptu Sulthon NA, Kamis (10/9/2026).

2. Tabrakan Libatkan 14 Kendaraan
Kecelakaan yang terjadi pada Rabu (9/9/2026) sore tersebut melibatkan Toyota Alphard, tiga mobil lainnya, serta 11 sepeda motor yang melintas di Jalan Menur Pumpungan. Benturan beruntun itu menyebabkan lima orang menjadi korban, dengan dua orang mengalami luka berat dan tiga lainnya mengalami luka ringan.

""Ada korban dua luka berat dan tiga luka ringan. Saat ini masih dirawat di rumah sakit,"" ungkap Kasatlantas Polrestabes Surabaya AKBP Galih Bayu Raditya.

3. Polisi Sita Seluruh Kendaraan yang Terlibat
Pada hari pertama setelah kecelakaan, polisi memprioritaskan evakuasi dan penanganan para korban serta mengamankan barang bukti untuk kepentingan penyelidikan. Seluruh kendaraan yang terlibat kecelakaan kemudian diamankan di markas kepolisian untuk diperiksa lebih lanjut.

""Kemarin kami masih mengutamakan dulu evakuasi korban dan BB (barang bukti). Kendaraan yang terlibat laka sudah kita amankan,"" kata Galih.

4. Polisi Fokus Pertanggungjawaban Pidana
Selain mengamankan kendaraan, polisi masih memfokuskan proses penyelidikan pada aspek pidana dan penanganan para korban yang mengalami luka akibat kecelakaan tersebut.

Sementara terkait kemungkinan ganti rugi materiil atas kerusakan kendaraan para korban, polisi belum dapat memberikan penjelasan karena proses hukum masih berjalan.

""Kendaraan yang terlibat laka sudah kita amankan. Masalah tanggung jawab kerugian materi kita belum tahu, yang kita kejar aspek pidananya dan penyelamatan korban terlebih dahulu,"" tegas Galih saat dikonfirmasi detikJatim, Kamis (10/9/2026).

5. Sopir Mengaku Mengantuk Usai Minum Obat
Yusuf sebelumnya mengungkapkan dirinya dalam kondisi kurang fit dan mengantuk setelah mengonsumsi obat sebelum berkendara, hingga tertidur saat mobil berhenti dalam kondisi lalu lintas padat di lampu merah. Ia mengaku panik setelah warga mengetuk kaca mobilnya dan secara refleks justru menginjak pedal gas sehingga mobil melaju dan menabrak kendaraan di depannya.

""Itu kan macet (lampu merah), saya berhenti, ngantuk ketiduran gitu ya terus didokdok (diketuk kaca mobilnya) keliru nginjek gas saya. Gak sadar saya,"" kata Yusuf mengakui perbuatannya.

""Iya, ngantuk habis minum obat saya,"" imbuhnya.

Hingga kini, polisi masih melanjutkan proses penyidikan terhadap kecelakaan tersebut. Lima korban yang terdiri atas dua korban luka berat dan tiga korban luka ringan juga masih menjalani perawatan di rumah sakit.",https://www.detik.com/jatim/hukum-dan-kriminal/d-8657982/5-fakta-sopir-alphard-seruduk-11-motor-3-mobil-di-menur-jadi-tersangka
11,Sopir Alphard Ditetapkan Tersangka Usai Tabrakan Beruntun di Surabaya,"Polisi menetapkan sopir Toyota Alphard N 1882 ACI sebagai tersangka usai tabrakan beruntun melibatkan belasan kendaraan di Jalan Menur Pumpungan, Surabaya. Kecelakaan itu terjadi pada Rabu (9/9/2026) sore.

""Sudah (ditetapkan sebagai tersangka),"" ujar Kanit Gakkum Satlantas Polrestabes Surabaya Iptu Sulthon NA, Kamis (10/9/2026).

SCROLL TO CONTINUE WITH CONTENT

Namun, Sulthon belum menjelaskan lebih lanjut terkait pasal yang dikenakan kepada pengemudi Alphard tersebut.

Kecelakaan beruntun Alphard tabrak motor dan mobil di SurabayaKecelakaan beruntun Alphard tabrak motor dan mobil di Surabaya Foto: Aprilia Devi/detikJatim

Sementara itu, Kasatlantas Polrestabes Surabaya AKBP Galih Bayu Raditya sebelumnya mengatakan bahwa polisi pada hari pertama kecelakaan masih fokus menangani para korban. Petugas juga melakukan evakuasi dan mengamankan kendaraan yang terlibat kecelakaan.

""Kemarin kami masih mengutamakan dulu evakuasi korban dan BB (barang bukti). Kendaraan yang terlibat laka sudah kita amankan,"" kata Galih.

Sebelumnya, kecelakaan beruntun terjadi di Jalan Menur Pumpungan, Surabaya pada Rabu (9/9) sore. Kecelakaan melibatkan Toyota Alphard, tiga mobil lainnya, dan 11 sepeda motor.

Akibat kecelakaan itu, 5 orang menjadi korban. Dua korban mengalami luka berat dan tiga lainnya luka ringan. Kelima korban masih menjalani perawatan di rumah sakit.",https://www.detik.com/jatim/hukum-dan-kriminal/d-8657728/sopir-alphard-ditetapkan-tersangka-usai-tabrakan-beruntun-di-surabaya
12,"Air Sungai Surabaya Sempat Berbusa, PDAM Minta Akses Early Warning","Perusahaan Umum Daerah Air Minum (PAM) Surya Sembada Kota Surabaya mengevaluasi air keruh dan berbusa yang dikeluhkan pada Minggu (6/9) lalu. PDAM kini meminta akses sistem peringatan dini (early warning) milik Perum Jasa Tirta (PJT) I untuk memperkuat antisipasi pencemaran air baku.

Direktur Utama Perumda Air Minum Surya Sembada Surabaya, Tias Alvin Papatria mengatakan, akses tersebut dinilai sangat krusial. Tujuannya agar pihaknya bisa mengantisipasi kondisi darurat lebih awal sebelum berdampak pada kualitas pasokan air.

""Saya minta kepada Dirutnya (PJT I) untuk kita punya akses ke early warning tersebut. Sehingga kita sudah antisipasi lebih dulu, dan kita sepakat bahwa PDAM Surabaya akan mendapatkan akses ke early warning tadi,"" kata Tias, Kamis (10/9/2026).

SCROLL TO CONTINUE WITH CONTENT

Tias menjelaskan, kemunculan busa dalam jumlah besar sebelumnya terdeteksi di Instalasi Pengolahan Air Minum (IPAM) Karang Pilang. Setelah penelusuran di lapangan, busa berasal dari air baku yang masuk dan diduga kuat terindikasi pencemaran Sungai Surabaya.

""Dari teman-teman di lapangan dugaannya adalah adanya kebakaran pabrik detergen. Yang terbakar itu katanya itu adalah bahan bakunya, sehingga itu menjadi pencemaran di Sungai Surabaya,"" jelasnya.

Guna mengatasi hal tersebut, PAM Surya Sembada langsung berkoordinasi dengan PJT I untuk melakukan penggelontoran air guna mengencerkan konsentrasi polutan. Penanganan kimia juga dilakukan di lokasi IPAM untuk mengendalikan busa.

""Alhamdulillah segera pulih, sehingga IPAM kami sudah bisa bekerja normal, dengan optimal, sehingga air yang dihasilkan kembali seperti semula,"" ujarnya.

Selain mengamankan akses sistem peringatan dini, PAM Surya Sembada berencana menambah fasilitas screening pada sumur intake. Langkah ini diambil untuk menyaring material pencemar sebelum masuk ke proses pengolahan.

""Kami coba nanti akan membuat diskusi lagi dengan PJT I untuk membuat semacam screening di air intake kami,"" ucapnya.

Tias memastikan pemantauan kualitas air terus dilakukan secara ketat, mulai dari tingkat kekeruhan hingga parameter kesehatan lainnya. Ia menjamin air yang mengalir ke rumah-rumah warga aman untuk dikonsumsi.

""Yang ke rumah pelanggan itu menjadi prioritas kami. Kami memastikan bahwa air yang mengalir sampai ke rumah pelanggan aman untuk dikonsumsi,"" pungkasnya.",https://www.detik.com/jatim/berita/d-8657630/air-sungai-surabaya-sempat-berbusa-pdam-minta-akses-early-warning
13,Walkot Eri Bakal Pasang Alat Monitoring Pergerakan Sesar Aktif Surabaya,"Wali Kota Surabaya Eri Cahyadi berencana memasang alat monitoring pergerakan sesar aktif. Pemkot nantinya menggandeng ITS untuk alat pendeteksi pergerakan sesar aktif.

Diketahui, sesar aktif yang ada di Surabaya berdasarkan geografi, di Jawa Timur dikenal dengan sesar Kendeng. Di Surabaya ada dua segmen, yaitu sesar Surabaya dan sesar Waru.

""Kita sudah koordinasikan ya dengan teman-teman ITS terkait alat sensornya,"" kata Eri kepada wartawan di DPRD Surabaya, Kamis (10/9/2026).

SCROLL TO CONTINUE WITH CONTENT

Terkait kapan dan berapa anggaran untuk alat monitoring pergerakan sesar aktif di Surabaya, Eri masih belum bisa memastikan. Sebab hal tersebut masih dalam tahap pembahasan.

""Kita masih koordinasi dulu sama teman-teman ITS,"" ujarnya.

Eri menjelaskan keberadaan sesar di Surabaya sudah berlangsung sejak lama.

Dia pun sudah meminta Kepala BPBD Surabaya Irvan Widyanto untuk melakukan sosialisasi kepada masyarakat. Sehingga masyarakat tahu dan siap ketika terjadi gempa.

""Nauzubillahminzalik, kalau ada kejadian (gempa), maka evakuasinya seperti apa, lari di mana. Itu sudah dilakukan Kepala BPBD. Karena memang Surabaya dilewati sesar dua itu, sesar Surabaya dan sesar Waru,"" pungkasnya.",www.detik.com/jatim/berita/d-8657567/walkot-eri-bakal-pasang-alat-monitoring-pergerakan-sesar-aktif-surabaya
14,"Alphard Tabrak Belasan Kendaraan di Surabaya, Bagaimana Ganti Ruginya?","Polisi belum memastikan apakah pengemudi Toyota Alphard N 1882 ACI akan bertanggung jawab atas kerugian materi kerusakan belasan kendaraan akibat kecelakaan beruntun di Jalan Menur Pumpungan, Surabaya. Peristiwa itu terjadi pada Rabu (9/9/2026) sore.

Kasatlantas Polrestabes Surabaya AKBP Galih Bayu Raditya mengatakan saat ini seluruh kendaraan yang terlibat kecelakaan telah diamankan.

""Kendaraan yang terlibat laka sudah kita amankan. Masalah tanggung jawab kerugian materi kita belum tahu, yang kita kejar aspek pidananya dan penyelamatan korban terlebih dahulu,"" kata Galih saat dikonfirmasi detikJatim, Kamis (10/9/2026).

SCROLL TO CONTINUE WITH CONTENT

Selain itu, belum ada pihak yang ditetapkan sebagai tersangka dalam kecelakaan beruntun tersebut.

""Masih kita periksa semua,"" katanya.

Diberitakan sebelumnya, kecelakaan beruntun terjadi di Jalan Menur Pumpungan, Surabaya, Rabu (9/9/2026) sore. Kecelakaan melibatkan Toyota Alphard, tiga mobil lainnya, dan 11 sepeda motor.

Akibat kecelakaan tersebut, 5 orang menjadi korban. Dua korban mengalami luka berat dan tiga lainnya luka ringan. Kelima korban masih menjalani perawatan di rumah sakit.

Polisi juga masih memeriksa pengemudi Alphard, Yusuf (52), warga Sidoarjo, terkait kecelakaan tersebut.",https://www.detik.com/jatim/berita/d-8656934/alphard-tabrak-belasan-kendaraan-di-surabaya-bagaimana-ganti-ruginya
15,"Sesar Aktif Lewat Surabaya, Pakar Minta Pemkot Pasang Alat Monitoring","Kota Surabaya memiliki sesar atau patahan aktif. Berdasarkan Buku Peta Sumber dan Bahaya Gempa Indonesia yang diterbitkan oleh Pusat Studi Gempa Nasional (PusGen) tahun 2024, jalur patahan di Jawa Timur terdapat sesar yang melewati wilayah Surabaya dengan nama Sesar Java Back-arc thrust Surabaya, terdapat potensi magnitudo maksimumnya M 6.7.

Pakar Geologi ITS Prof Dr Ir Amien Widodo MSi menyarankan kepada Pemkot Surabaya untuk monitor patahan yang ada. Sehingga dapat diketahui jika ada pergerakan.

""Kan gempa itu kan tidak ujug-ujug, ada proses. Jadi misalnya ada ada getaran 1, 2, 3, 4, 5 baru brol. Nah, untuk menangkap getaran satu awal-awal tadi itu kan harus pakai alat. Mestinya dia memasang alat-alat di beberapa untuk melihat keaktifan pergerakan sesar,"" kata Prof Amien saat dihubungi detikJatim, Kamis (10/9/2026).

SCROLL TO CONTINUE WITH CONTENT

""Harusnya usul kita sih dari masyarakat ya mestinya pemerintah kota ini memasang alat-alat untuk memonitoring pergerakan dari sesar tadi. Jadi, 'Oh ini masih skalanya 1, 2, 1, 2.' Enggak apa-apa, tapi itu kan menunjukkan kalau dia bergerak,"" tambahnya.

Meski demikian, Prof Amien menegaskan keberadaan alat monitoring bukan berarti gempa bisa diprediksi secara pasti. Namun, pemantauan dapat menjadi langkah mitigasi untuk meningkatkan kewaspadaan.

""Kalau ada monitoring tadi mungkin kita bisa jadi lebih waspadalah. 'Wih, ini sudah bergerak ini ya,' misalnya gitu,"" ujarnya.

Sebelumnya, Plt Kepala BMKG Stasiun Geofisika Pasuruan, Suwarto, tidak menampik bahwa keberadaan sesar aktif tersebut membawa potensi kegempaan bagi wilayah Surabaya dan sekitarnya. Berdasarkan data pemetaan, Sesar Waru memiliki potensi gempa maksimum hingga M 6,7, sementara Sesar Surabaya berpotensi hingga M 6,8.

""Ada, justru dengan adanya sesar itu, itu ada potensi kegempaannya. Maksimum kalau yang di Sesar Waru itu kan 6,7, dan di Surabaya itu potensi maksimumnya magnitudo 6,8. Jadi itu potensi yang tersimpan di dalam sesar itu ketika pada suatu saat gempa bisa maksimum seputar itu,"" kata Suwarto.

Meski begitu, Suwarto mengimbau masyarakat untuk tetap tenang dan tidak panik. Ia menegaskan angka magnitudo tersebut adalah batasan potensi energi terburuk yang tersimpan secara ilmiah, bukan ramalan gempa yang pasti terjadi dalam waktu dekat.

""Tapi kan kita enggak tahu ya, wallahu a'lam apakah akan terjadi. Kapan-kapannya kita enggak tahu, kemudian apakah besar magnitudonya itu sampai maksimum atau hanya kecil. Patahnya juga tidak patah semua bisa jadi, mungkin hanya sebagian. Potensi-potensi itu kita hanya bisa memperkirakan,"" pungkasnya.",https://www.detik.com/jatim/berita/d-8656844/sesar-aktif-lewat-surabaya-pakar-minta-pemkot-pasang-alat-monitoring
16,5 Korban Tabrakan Beruntun Alphard Surabaya Masih Dirawat di RS,"Lima korban tabrakan beruntun melibatkan mobil Toyota Alphard dan belasan kendaraan di Jalan Menur Pumpungan, Surabaya, masih menjalani perawatan di rumah sakit. Dua korban mengalami luka berat, sedangkan tiga lainnya luka ringan.

""Ada korban dua luka berat dan tiga luka ringan,"" ujar Kasatlantas Polrestabes Surabaya AKBP Galih Bayu Raditya, Kamis (10/9/2026).

Galih menyebut, para korban masih menjalani perawatan.

SCROLL TO CONTINUE WITH CONTENT

""Saat ini masih dirawat di rumah sakit,"" kata Galih.

Diberitakan sebelumnya, kecelakaan beruntun terjadi di Jalan Menur Pumpungan, Surabaya, Rabu (9/9). Data terbaru, kecelakaan tersebut melibatkan empat mobil termasuk Toyota Alphard Nopol N 1882 ACI dan 11 sepeda motor.

Akibat kecelakaan itu, sejumlah kendaraan mengalami kerusakan. Lima korban kemudian dilarikan ke rumah sakit untuk mendapatkan perawatan medis.

Polisi telah mengamankan pengemudi Alphard, Yusuf (52). Saat kejadian ia mengaku dalam kondisi tidak enak badan setelah mengonsumsi obat. Polisi masih melakukan pemeriksaan terhadap Yusuf untuk mengetahui penyebab pasti kecelakaan tersebut.

""Itu kan macet (lampu merah), saya berhenti, ngantuk ketiduran gitu ya terus didokdok (diketuk kaca mobilnya) keliru nginjek gas saya. Gak sadar saya,"" kata Yusuf.

""Iya, ngantuk habis minum obat saya,"" imbuhnya.",https://www.detik.com/jatim/berita/d-8656519/5-korban-tabrakan-beruntun-alphard-surabaya-masih-dirawat-di-rs
17,"Cuaca Surabaya Hari Ini: Berawan, Suhu Capai 34 Derajat Celsius","Prakiraan cuaca Surabaya hari ini menunjukkan kondisi berawan dengan suhu udara yang cukup tinggi. Berdasarkan data Badan Meteorologi, Klimatologi, dan Geofisika (BMKG), suhu di Kota Surabaya diperkirakan berada pada kisaran 27-34 derajat Celsius, sedangkan kelembapan udara mencapai 38-79 persen.

Kondisi tersebut menunjukkan bahwa cuaca Surabaya hari ini cenderung hangat hingga panas, meskipun tutupan awan diprakirakan mendominasi. Masyarakat yang beraktivitas di luar ruangan tetap perlu memperhatikan kondisi tubuh, terutama ketika suhu meningkat pada siang hari.

Menurut data BMKG, cuaca di Surabaya hari ini diprakirakan berawan. Kondisi langit yang tertutup awan tidak serta-merta membuat suhu menjadi rendah. Suhu udara di Surabaya tetap dapat mencapai 34 derajat Celsius.

SCROLL TO CONTINUE WITH CONTENT

Cuaca berawan juga dapat membuat kondisi udara terasa cukup gerah, terutama ketika kelembapan udara berada pada tingkat yang relatif tinggi. Sebaliknya, ketika kelembapan menurun, panas matahari dapat terasa lebih menyengat meskipun langit masih tertutup awan.

Karena itu, masyarakat Surabaya yang memiliki aktivitas di luar ruangan disarankan tetap memperhatikan kondisi cuaca sepanjang hari. Perubahan tutupan awan maupun kondisi atmosfer dapat mempengaruhi kenyamanan saat beraktivitas.

Suhu Surabaya Hari Ini
Suhu udara di Kota Surabaya hari ini berada dalam rentang 27-34 derajat Celsius. Suhu terendah diprakirakan mencapai 27 derajat Celsius, sedangkan suhu tertinggi dapat mencapai 34 derajat Celsius.

Rentang suhu tersebut menunjukkan bahwa Surabaya masih berada dalam kondisi yang cukup panas. Suhu tinggi umumnya lebih terasa ketika aktivitas dilakukan di ruang terbuka atau ketika paparan sinar matahari berlangsung cukup kuat.

Bagi masyarakat yang bepergian, bekerja, berolahraga, atau melakukan kegiatan lain di luar rumah, kondisi tersebut perlu menjadi perhatian. Menggunakan pakaian yang nyaman, mencukupi kebutuhan cairan tubuh, serta menghindari paparan panas berlebihan dapat membantu menjaga kondisi tubuh selama beraktivitas.

Kelembapan Udara Surabaya Hari Ini
Selain suhu, kelembapan udara Surabaya hari ini diprakirakan berada pada kisaran 38-79 persen. Angka tersebut menunjukkan adanya perubahan tingkat kelembapan sepanjang periode prakiraan.

Kelembapan udara merupakan salah satu faktor yang dapat mempengaruhi bagaimana suhu dirasakan oleh tubuh. Ketika udara cukup lembap, keringat lebih sulit menguap sehingga udara dapat terasa lebih gerah. Sementara itu, kelembapan yang lebih rendah dapat membuat udara terasa lebih kering.

Dengan suhu yang dapat mencapai 34 derajat Celsius dan kelembapan yang berada pada rentang tersebut, masyarakat tetap perlu menjaga kondisi tubuh, khususnya saat melakukan aktivitas fisik di luar ruangan.

Tips Beraktivitas di Tengah Cuaca Panas Surabaya
Cuaca berawan bukan berarti risiko paparan panas sepenuhnya hilang. Masyarakat tetap dapat melakukan sejumlah langkah sederhana untuk menjaga kenyamanan selama beraktivitas.

Pastikan tubuh memperoleh asupan air yang cukup, terutama ketika beraktivitas dalam waktu lama. Gunakan pakaian yang ringan dan nyaman, serta pertimbangkan untuk mengurangi aktivitas fisik berat ketika kondisi terasa sangat panas.

Bagi masyarakat yang harus bepergian pada siang hari, membawa air minum dan menggunakan perlindungan dari paparan sinar matahari juga dapat menjadi langkah yang bijak. Perhatikan pula kondisi tubuh. Jika mulai merasa lemas, pusing, atau terlalu kepanasan, sebaiknya beristirahat di tempat yang lebih sejuk.

Secara umum, cuaca Surabaya hari ini diprakirakan berawan dengan suhu udara 27-34 derajat Celsius. Sementara itu, kelembapan udara berada pada kisaran 38-79 persen.

Dengan kondisi tersebut, cuaca Surabaya diperkirakan tetap terasa hangat hingga panas meskipun langit didominasi awan. Masyarakat yang beraktivitas di luar ruangan sebaiknya tetap memperhatikan kondisi tubuh, mencukupi kebutuhan cairan, dan menyesuaikan aktivitas dengan kondisi cuaca.

Data prakiraan cuaca dapat mengalami perubahan mengikuti perkembangan kondisi atmosfer. Karena itu, masyarakat disarankan memantau informasi dan pembaruan cuaca dari BMKG sebelum melakukan aktivitas, khususnya kegiatan yang berlangsung di luar ruangan.",https://www.detik.com/jatim/berita/d-8655681/cuaca-surabaya-hari-ini-berawan-suhu-capai-34-derajat-celsius
18,"Edarkan Tembakau Sintetis, Pria Jojoran Surabaya Diringkus","Anggota Satresnarkoba Polres Pelabuhan Tanjung Perak membekuk seorang pemuda berinisial Z (26) di kamar kosnya di Jalan Jojoran, Kelurahan Mojo, Kecamatan Gubeng, Surabaya. Pria tersebut ditangkap atas dugaan peredaran ratusan gram narkotika jenis tembakau sintetis.

Dalam penggerebekan yang berlangsung pada Rabu (12/8/2026) sekitar pukul 17.00 WIB itu, polisi menyita total 148,732 gram tembakau sintetis. Barang haram tersebut disimpan tersangka di dalam sebuah tas hitam di bufet kamar kosnya.

""Kami menangkap Z di dalam kamar kosnya setelah ditemukan narkotika jenis tembakau sintetis yang disimpan tas siap diedarkan. Satu plastik berukuran besar berisi tembakau sintetis dengan berat bersih 90,360 gram, dan 39 klip berisi tembakau sintetis seberat 58,372 gram,"" kata Kasat Resnarkoba Polres Pelabuhan Tanjung Perak AKP Adik Agus Putrawan dalam keterangannya, Rabu (9/9/2026).

SCROLL TO CONTINUE WITH CONTENT

Adik menjelaskan, tersangka Z mendapatkan pasokan barang haram tersebut dari seorang berinisial F yang kini ditetapkan sebagai daftar pencarian orang (DPO). Z bertugas menyimpan dan menjual kembali paket-paket tersebut dengan kisaran harga Rp100 ribu, Rp250 ribu, hingga Rp350 ribu per paket.

Berdasarkan hasil pemeriksaan, praktik ilegal ini telah dijalankan Z selama satu bulan. Dalam sehari, Z mampu menjual hingga tujuh klip tembakau sintetis dengan upah Rp15 ribu per klip yang laku terjual.

""Selain memperoleh uang, tersangka juga mendapatkan kesempatan menggunakan tembakau sintetis secara cuma-cuma dari pemasoknya,"" imbal Adik.

Atas perbuatannya, tersangka Z dijerat Pasal 114 ayat (1) subsider Pasal 111 ayat (1) Undang-Undang Nomor 35 Tahun 2009 tentang Narkotika juncto Undang-Undang Nomor 1 Tahun 2026 tentang Penyesuaian Pidana.",https://www.detik.com/jatim/berita/d-8656091/edarkan-tembakau-sintetis-pria-jojoran-surabaya-diringkus
19,"Revitalisasi Museum Majapahit di Mojokerto, Fadli Zon: Nanti Kita Namai Museum Agung Majapahit","Kementerian Kebudayaan (Kemenkebud) resmi memulai revitalisasi Museum Majapahit di Kecamatan Trowulan, Kabupaten Mojokerto. Revitalisasi Itu ditandai dengan peletakan batu pertama oleh Menteri Kebudayaan (Menbud) Fadli Zon pada Minggu (13/9/2026).

Revitalisasi museum itu menjadi upaya lanjutan dalam mewujudkan wajah kebesaran Majapahit. Setelah sebelumnya komplek museum tersebut berperan sebagai Pusat Informasi Majapahit lalu ditransformasi menjadi Museum Majapahit tahun lalu.

Menurut Fadli Zon, komplek Museum Majapahit yang sebelumnya Pusat Informasi Majapahit itu memiliki koleksi dan artefak jumlahnya mencapai 88.000 item dan belum tertata.

Kemudian, Fadli Zon menyebut bahwa dia mendapat arahan Presiden Prabowo Subianto untuk merevitalisasi sejumlah istana, kraton, museum, serta cagar-cagar budaya di Indonesia termasuk Museum Majapahit yang ada di Trowulan, Kabupaten Mojokerto.
Menurut dia, Museum Majapahit ini jadi salah satu bagian penting dari program revitalisasi pada tahun 2026 ini.

""Kita selalu sering kutip Majapahit dan kebesarannya tapi museumnya belum ada. Kemudian, kita menginisiasi Museum Majapahit ini mewakili kebesarannya. Jadi jangan kita melihat kebesaran majapahit tapi museumnya tidak representatif,” kata Fadli Zon kepada wartawan, Minggu.

Revitalisasi kali ini mengusung filosofi Surya Majapahit. Konsep tersebut diterjemahkan dalam empat kuadran yang membentuk beberapa alur narasi.

Pertama adalah Sunset of Majapahit, yang menggambarkan peradaban Majapahit. Lalu, kuadran kedua adalah Menuju Majapahit yang menggambarkan proses tumbuh dan berkembangnya peradaban Majapahit.

Sementara kuadran ketiga adalah Pusaka Majapahit yang menggambarkan warisan dan peninggalan budaya Majapahit. Terakhir, kuadran keempat dinamai Sunrise of Majapahit yang menggambarkan warisan Majapahit sebagai sumber inspirasi untuk masa depan.

Baca juga: Bhinneka Tunggal Ika Berasal dari Majapahit, Mengapa Jadi Semboyan Indonesia?

Dalam upaya revitalisasi tersebut, Kemenbud telah membebaskan lahan di sekitar museum existing seluas 4,8 hektar. Kawasan tersebut nantinya terintegrasi dengan lahan yang telah existing sekitar 5,4 hektar. Sehingga nantinya luas keseluruhan Museum Majapahit tersebut mencapai 10 hektar.

Fadli Zon bertekad nantinya museum tersebut dinamai Museum Agung Majapahit.

”Dengan adanya nanti museum yang lebih besar dan representatif, sesuai dengan kebesaran Majapahit, makanya mungkin kita namakan nanti Museum Agung Majapahit,"" ujar Fadli Zon.

""Kita bisa memamerkan temuan-temuan benda-benda budaya peninggalan majapahit yang jumlahnya cukup banyak dari masa ke masa. Termasuk dengan berbagai fasilitas digital,” pungkasnya.",https://surabaya.kompas.com/read/2026/09/13/191433978/revitalisasi-museum-majapahit-di-mojokerto-fadli-zon-nanti-kita-namai
20,Korban Ungkap Kronologi Dugaan Kekerasan Seksual yang Menyeret Betrand Peto,"Kasus dugaan kekerasan seksual yang menyeret nama Betrand Peto makin terang. Seorang perempuan berinisial ANW, sebelumnya melaporkan Betrand Peto ke Polda Metro Jaya atas dugaan pelecehan seksual.

Kuasa hukum ANW, Nathaniel Hutagaol mengatakan telah membuat laporan polisi terhadap Betrand pada 12 September 2026.

""Pada tanggal 12 September, sudah ada laporan polisi terhadap BP,"" ungkap Nathaniel Hutagaol saat ditemui di kawasan Kelapa Gading, Jakarta Utara, Minggu (13/9/2026).

SCROLL TO CONTINUE WITH CONTENT

Kemudian Nathaniel menyebut nama lengkap Betrand Peto. Betrand dikenakan pasal tindakan kekerasan seksual.

""Terlapor di sini adalah Alfonsus Toribio Tenkudi alias Betrand Peto yang mana diduga melakukan tindak pidana pelecehan seksual. Dengan pasal yang kami sangkakan Pasal 473 Undang-Undang KUHP dan Pasal 6 Undang-Undang Tindak Pidana Kekerasan Seksual,"" ungkap Nathaniel.

Selain Betrand, kuasa hukum ANW mengatakan terdapat laporan lain terhadap pria berinisial WHA rekan Betrand. Laporan itu berkaitan dengan dugaan penganiayaan yang dilakukan rekan Betrand terhadap rekan ANW, WHA.

""Dan satu lagi kami melaporkan temannya BP yang berinisial WHA dengan pasal penganiayaan. Karena yang kemarin mungkin ramai dilihat bahwa ada kuping yang berdarah itu, nah ini dia. Ini bisa ditunjukkan,"" kata Nathaniel sembari memperlihatkan foto yang disebut sebagai bukti.

Nathaniel kemudian meminta korban ANW untuk menjelaskan secara langsung mengenai kronologi dugaan kejadian tersebut. ANW menceritakan dugaan kejadian yang menurut keterangannya berlangsung pada 12 September dini hari di kelab SCBD, Jakarta Selatan. ANW mengatakan saat itu datang ke salah satu kelab di kawasan SCBD sekitar pukul 02.00 WIB bersama seorang teman.

""Jadi waktu tanggal 12 itu, saya datang di salah satu kelab yang ada di SCBD sekitar jam 2 bersama teman saya. Dan ada satu lagi... kita datang di sana, happy, ketemu sama teman-teman,"" ujar ANW dengan suara sedikit menangis.

Menurut ANW, mulanya saat berada di kelab tersebut, seorang staf kemudian menghampiri dan menawarkan agar bersama temannya meramaikan sebuah ruangan yang disebut sebagai room milik BP.

""Lalu tiba-tiba ada salah satu staf dari kelab tersebut yang bilang, 'Mau nggak Kak ngeramein room-nya si BP ini?'"" kata ANW.

Saat menceritakan bagian tersebut, ANW mulai menangis. Ia mengatakan tidak memiliki prasangka buruk ketika menerima tawaran tersebut.

""Aku nggak pernah ada pikiran negatif kalau kita bakal nemuin apes di tempat itu. Kita iyain,"" tuturnya.

ANW kemudian menjelaskan, seorang pelayan awalnya melayani mereka. Setelah itu, pelayanan tersebut diserahkan kepada seorang staf laki-laki lainnya.

""Awal-awal si waitress ini take over ke temennya satu lagi, cowok juga. Dan si temennya ini udah make sure kalau untuk di room ini tuh aman, nggak akan kenapa-napa,"" ujar ANW.

Tak lama kemudian, minuman dibagikan. Setelah itu, pelayan tersebut meninggalkan ruangan. ANW kemudian menceritakan sempat keluar dari ruangan untuk mengambil telepon seluler yang berada di sofa di luar room.

""Handphone saya ada di sofa, yang mana itu ada di luar room. Saya ambil handphone saya. Pas saya balik lagi ke room tersebut, temen saya nggak ada, dan setelah saya tanya, temen saya ternyata di toilet,"" katanya.

ANW kemudian kembali duduk di sofa di samping Betrand.

""Saya duduk di sofa, samping saya BP. Tiba-tiba BP narik tangan saya,"" ujar ANW.

Ia mengatakan saat itu tidak langsung memiliki pikiran negatif mengenai tindakan tersebut. ANW mengira diajak untuk mencari temannya yang sedang berada di toilet.

""Saya nggak pernah ada pikiran negatif, saya kira dia ngajak saya untuk ngecek temen saya di toilet, kenapa lama sekali,"" katanya.

Namun, menurut pengakuan ANW, apa yang terjadi kemudian berbeda dari dugaannya.

""Ternyata di depan pintu toilet tersebut, saya dilecehin,"" ujar ANW sambil menangis histeris.

Selain dugaan pelecehan seksual, Nathaniel mengatakan pihaknya juga menemukan dugaan adanya kekerasan dan pemaksaan terhadap ANW.

""Bukan hanya dilecehkan tapi ada kekerasan dan pemaksaan,"" kata Nathaniel.

Nathaniel kemudian menunjukkan sejumlah foto yang disebut sebagai bukti kondisi fisik korban. Ia juga menyebut terdapat visum terkait luka yang dialami ANW.

""Ini salah satu visum untuk hidungnya yang katanya dibenturkan,"" ujar Nathaniel sembari menunjukkan foto cedera pada bagian hidung korban.

Dalam konferensi pers tersebut, Nathaniel juga memperlihatkan foto yang disebut menunjukkan memar di bagian leher korban.

""Baru kemudian, di sini di leher,"" katanya.

Ia kemudian menunjukkan foto lain yang disebut memperlihatkan kondisi lengan korban.

""Dan ada satu lagi, kemudian tangannya biru, ada memar,"" lanjut Nathaniel.",hot.detik.com/celeb/d-8661257/korban-ungkap-kronologi-dugaan-kekerasan-seksual-yang-menyeret-betrand-peto
21,"Legenda Sepakbola Nikahi Wanita 52 Tahun Lebih Muda, Foto-fotonya Viral","Pernikahan seorang legenda sepakbola Malaysia menuai perhatian internasional. Di usia yang ke-72, pria bernama Datuk Abdah Alif tersebut mempersunting seorang wanita yang jauh lebih muda. Istri Datuk Abdah disebut baru menginjak 20 tahun.

Sebelumnya foto-foto pernikahan Datuk Abdah dan istri barunya yang jadi viral mengundang pertanyaan dari netizen. Tak lama kemudian berita tersebut dikonfirmasi oleh adik Abdah, Datuk Yunus Alif, yang menyatakan kedua keluarga telah menyetujui pernikahan itu, seperti dilaporkan New Straits Times (NST).

Yunus, yang juga merupakan mantan pemain dan pelatih tim nasional, mengatakan tidak ada masalah terkait pernikahan yang mengundang berbagai komentar tersebut. Ia pun mendoakan kebahagiaan bagi kakak dan iparnya.

SCROLL TO CONTINUE WITH CONTENT

Pernikahan Datuk Abdah AlifPernikahan Datuk Abdah Alif Foto: Berita Harian

""Mereka mungkin sedang berbulan madu saat ini, itulah sebabnya dia tidak menjawab panggilan telepon. Yang pasti, mereka memang sudah menikah, dan kami mendoakan yang terbaik bagi keduanya,"" kata Yunus dikutip oleh media lokal Sinar Daily.


Beredar di media sosial, sejumlah orang sempat menyangsikan keaslian foto-foto pernikahan tersebut. Menurut sumber terdekat yang juga mantan rekan setim Abdah, gambar tersebut benar diambil dari upacara pernikahan mereka yang baru saja berlangsung. Namun, sumber tidak memberikan informasi lebih lanjut mengenai tanggal atau lokasinya.

Datuk Abdah merupakan bagian dari skuad nasional pada masa kejayaan sepak bola Malaysia di akhir tahun 1970an dan awal 1980an. Ia juga turut membantu timnas lolos ke Olimpiade Moskow 1980.

Namun sayangnya, tim Abdah tidak pernah sampai ke Moskow setelah Malaysia memboikot Olimpiade sebagai bentuk protes terhadap invasi Uni Soviet ke Afganistan.",https://wolipop.detik.com/wedding-news/d-8661071/legenda-sepakbola-nikahi-wanita-52-tahun-lebih-muda-foto-fotonya-viral
22,Kader PDIP Surabaya Ini Dipecat Usai Sowan ke Rumah Jokowi,"DPP PDI Perjuangan secara resmi memecat kader DPC PDIP Surabaya, Achmad Hidayat, dari keanggotaan partai. Pemecatan ini buntut Hidayat berkunjung ke kediaman Joko Widodo (Jokowi) serta menyuarakan usulan rehabilitasi status keanggotaan Presiden ke-7 RI tersebut.

Keputusan tersebut tertuang dalam Surat Keputusan (SK) DPP PDIP Nomor 105/KPTS/DPP/2026 tentang Pemecatan Achmad Hidayat yang ditetapkan di Jakarta pada 4 September 2026. SK tersebut ditandatangani langsung oleh Ketua Umum Megawati Soekarnoputri dan Sekretaris Jenderal Hasto Kristiyanto.

Dalam SK tersebut, DPP PDIP menilai tindakan Achmad Hidayat bertamu ke rumah Jokowi dan meminta partai merehabilitasi status keanggotaan Jokowi sebagai bentuk pembangkangan di luar kewenangan serta pelanggaran disiplin berat.

SCROLL TO CONTINUE WITH CONTENT

""Bahwa tindakan Sdr. Achmad Hidayat melakukan kunjungan ke rumah Joko Widodo beberapa hari kemudian membuat pernyataan agar Partai mempertimbangkan rehabilitasi kepada Joko Widodo sebagai kader PDI Perjuangan yang telah dipecat, merupakan tindakan yang bukan menjadi kewenangannya dan merupakan bentuk pembangkangan terhadap Keputusan Partai,"" bunyi petikan SK tersebut yang dikutip detikJatim, Minggu (13/9/2026).

Selain urusan kunjungan tersebut, SK DPP PDIP juga mencantumkan sejumlah pelanggaran kode etik lain berdasarkan klarifikasi Komite Etik dan Disiplin pada 26 Agustus 2026. Mantan Wakil Sekretaris DPC PDIP Surabaya ini dinilai terbukti melakukan penyalahgunaan kewenangan, penguasaan dokumen partai tanpa izin, hingga tindakan intimidatif terhadap pengurus partai.

Lewat SK ini, DPP PDIP mencabut seluruh hak dan kewenangan Achmad Hidayat serta melarang keras yang bersangkutan menggunakan nama, lambang, atribut, maupun fasilitas yang mengatasnamakan PDI Perjuangan.

Saat dikonfirmasi, Achmad Hidayat membenarkan pemecatan dirinya karena bertamu ke rumah Jokowi dan mengunggah foto ke media sosialnya. Ia mengaku kunjungannya tersebut dilakukan pada bulan Juli.

""Betul. Saya ke rumah Jokowi itu kurang lebih bulan Juli. Hanya silaturahim, lalu saya posting di Instagram. Nah, tidak lama setelah itu, bulan Agustus ada usulan pemecatan dari DPC Kota Surabaya ke DPP, sehingga saya dipanggil oleh DPP,"" ujar Hidayat.",www.detik.com/jatim/berita/d-8661275/kader-pdip-surabaya-ini-dipecat-usai-sowan-ke-rumah-jokowi
23,"Kabar TKW Indonesia Diwarisi Rp 2 M dari Aktor Taiwan, Disebut Terlilit Utang","Seorang wanita asal Indonesia bernama Yule sempat bikin heboh karena mendapat warisan dari aktor Taiwan. Yule merupakan pembantu rumah tangga Chen Song Yong yang meninggal pada 2021. Sepeninggalan majikannya yang tidak punya anak dan istri, ia dihibahi hingga miliaran rupiah. Namun sebuah laporan menyebut ia malah banyak utang.

Yule adalah perawat Chen Song Yong di masa tuanya. Pria yang meninggal di usia 80 tahun itu pun disebut memperlakukan Yule selayaknya anak sendiri. Karenanya, saat pembagian ulang harta warisan, Yule menerima dana sebesar NT$4 juta yang ketika itu setara Rp 2 miliaran pada 2022 sebelum kembali ke Indonesia.

Lima tahun berlalu banyak orang penasaran dengan nasib Yule sekarang yang dianggap sudah hidup lebih nyaman. Tapi beberapa waktu lalu, media Taiwan melaporkan bahwa Yule telah menghabiskan seluruh uang tersebut dalam waktu satu tahun. Ia bahkan disebut terlilit utang dan kembali ke Taiwan untuk bekerja lagi sebagai perawat.

SCROLL TO CONTINUE WITH CONTENT

Yule, PRT Chen Song YongYule, PRT Chen Song Yong Foto: Facebook/ PBE Media


Laporan tersebut juga menyebutkan bahwa Yule mengakui dalam sebuah siaran langsung bahwa ia tidak tahu cara mengelola uang dalam jumlah sebesar itu. Dikabarkan ia sempat membeli dua properti, termasuk satu unit yang rencananya akan disewakan untuk mendapatkan penghasilan pasif tapi kemudian mengalami kesulitan keuangan bersama suami sehingga harus menjualnya lagi untuk melunasi utang mereka.

Yule, PRT Chen Song YongYule, PRT Chen Song Yong Foto: Facebook/ PBE Media

Konfirmasi Kabar Terbaru Yule
Tapi ternyata laporan-laporan tersebut salah. Dilansir 8days, Yule baru-baru ini muncul dalam videocall dengan seorang reporter Taiwan untuk membantah kabar yang tidak benar.


Ia tampak kesal dengan kabar burung yang tersebar. Berbicara dalam bahasa Hokkien Taiwan yang fasih, ia mengatakan, ""Kondisiku baik-baik saja di Indonesia. Tidak terjadi apa-apa,""

Untuk membuktikannya, Yule memperlihatkan kepada penonton toko yang saat ini ia kelola di Indonesia. Reporter berpendapat toko tersebut jauh lebih besar daripada sekadar warung di lingkungan perumahan. Yule pun dikabarkan memiliki properti yang ia sewakan dan menjual kue buatan sendiri selama musim hari raya.

Saat ditanya apakah ia berencana kembali ke Taiwan untuk bekerja, Yule dengan tegas menjawab tidak, meskipun ia ingin berkunjung untuk berlibur suatu saat nanti. Yule juga sempat memamerkan cincin dan kalung emas pemberian Song Yong untuk membuktikan bahwa ia masih menjaga pemberian Chen Song Yong dengan baik.",https://wolipop.detik.com/worklife/d-8661074/kabar-tkw-indonesia-diwarisi-rp-2-m-dari-aktor-taiwan-disebut-terlilit-utang
24,"Influencer Mukbang Meninggal di Usia 24, Begini Awal Mulanya","Kabar duka datang dari dunia mukbang 'live' di China. Seorang influencer mukbang berusia 24 tahun meninggal dunia setelah mengalami henti jantung yang dilaporkan berkaitan dengan kadar kalium darah sangat rendah.

Influencer tersebut dikenal dengan nama Yingying. Orang tua Yingying mengumumkan kabar kematiannya melalui media sosial pada Jumat lalu. Ia disebut meninggal pada 17 Agustus dan memiliki lebih dari 1 juta pengikut.

Sebelum meninggal, Yingying sempat mengunggah video terakhir pada 14 Agustus. Dalam video tersebut, ia mengungkapkan bahwa kebiasaan makan berlebihan saat bekerja sebagai influencer mukbang membuat kadar kalium dalam tubuhnya turun drastis hingga harus dirawat di rumah sakit.

SCROLL TO CONTINUE WITH CONTENT

Ia menyebut kadar kalium darahnya pernah turun hingga 2,3. Kondisi tersebut bukan kali pertama dialaminya.

Yingying juga mengaku memiliki kebiasaan memuntahkan makanan secara paksa dalam jangka panjang. Menurutnya, kebiasaan tersebut berkaitan dengan pekerjaannya sebagai influencer mukbang.

Ia bahkan pernah mengaku harus mengonsumsi sekitar 60-70 telur pitan atau telur yang diawetkan dalam satu sesi siaran langsung.

""Meski menghasilkan uang itu penting, kesehatan harus selalu menjadi yang utama,"" kata Yingying dalam video terakhirnya, seperti diberitakan China News Service.

Dokter dari Departemen Kedokteran Umum Zhejiang Hospital, Chai Qichen, menjelaskan makan dalam jumlah banyak sebenarnya tidak secara langsung menyebabkan kadar kalium darah turun hingga sangat rendah.

Menurutnya, masalah justru dapat terjadi ketika seseorang melakukan muntah paksa atau menggunakan obat pencahar untuk mengeluarkan makanan yang telah dikonsumsi.

""Untuk mempertahankan bentuk tubuh sambil tetap makan dalam jumlah besar, sebagian mukbanger makan di depan kamera kemudian memaksakan diri muntah setelah siaran,"" demikian penjelasan Chai, dikutip dari China News Service.

Cairan lambung dan usus mengandung kalium dalam konsentrasi yang jauh lebih tinggi dibandingkan darah. Karena itu, muntah atau diare yang terjadi berulang kali dapat menyebabkan tubuh kehilangan banyak kalium.

Jika berlangsung terus-menerus, kadar kalium dalam darah dapat semakin rendah.

Kondisi yang disebut hipokalemia tersebut dapat mengganggu fungsi otot dan jantung. Pada kondisi berat, gangguan kadar kalium dapat memicu gangguan irama jantung yang berbahaya.

Kasus Yingying disebut bukan satu-satunya masalah kesehatan serius yang terjadi di kalangan influencer mukbang.

The Paper melaporkan sejumlah mukbanger melakukan pola makan ekstrem demi mempertahankan citra sebagai 'pemakan besar' dan menarik penonton. Bahkan, ada yang dilaporkan mengonsumsi 20-25 kg makanan hanya dalam waktu dua jam.

Jenis makanan yang dikonsumsi juga sangat beragam, mulai dari lobster air tawar hingga salmon.

Ada pula influencer yang dilaporkan menyantap 120 pangsit dan 16 bungkus mi instan dalam satu sesi livestream. Setelahnya, berat badannya disebut mencapai sekitar 190 kg dan mengalami berbagai masalah kesehatan akibat obesitas.

Sebagian influencer lainnya bahkan dilaporkan melakukan aksi makan atau minum secara palsu serta membuat klaim berlebihan mengenai jumlah makanan yang dikonsumsi.

Besarnya kemampuan makan berkaitan langsung dengan jumlah penonton. Semakin banyak penonton, semakin besar pula peluang mendapatkan pemasukan dari iklan maupun penjualan melalui livestream.

Kondisi itu membuat sebagian influencer tetap melakukan siaran meski tubuh telah menunjukkan tanda-tanda gangguan kesehatan.

China sebenarnya telah memiliki aturan untuk membatasi konten makan berlebihan di internet.

Konten semacam itu menjadi salah satu sasaran dalam kampanye Qinglang Operation. Undang-Undang Anti-Pemborosan Makanan yang disahkan pada 2021 secara tegas melarang produksi, publikasi, dan penyebaran konten audio maupun video yang mempromosikan konsumsi makanan secara berlebihan.

Aturan perilaku bagi streamer online yang diterbitkan pada 2022 juga melarang sejumlah praktik, termasuk berpura-pura makan, memuntahkan makanan secara sengaja, serta melakukan makan berlebihan.

Meski demikian, kasus influencer yang tetap melakukan pola makan ekstrem menunjukkan risiko kesehatan masih menjadi persoalan di balik industri mukbang.",https://health.detik.com/berita-detikhealth/d-8660820/influencer-mukbang-meninggal-di-usia-24-begini-awal-mulanya
25,Penyanyi Kanaya Whu Meninggal Dunia di RSHS Usai Berjuang Melawan Kanker,"Lagu ""Melati di Tapal Batas"" karya Ismail Marzuki dibawakan oleh penyanyi wanita, Kanaya Whulan atau karib Kanaya Whu. Lagu tersebut dinyanyikan saat iring-iringan kereta kencana yang membawa Bendera Merah Putih dari Gedung Pakuan menuju Gedung Sate pada 17 Agustus 2026 lalu.

Kanaya Whu, yang mengenakan pakaian veteran, duduk bersama kru Emka 9 lainnya yang menjadi pengiring musik dalam peringatan HUT ke-81 RI tingkat Provinsi Jawa Barat.

Dalam cuplikan video di YouTube Humas Jabar, Kanaya tampak energik menyanyikan lagu ciptaan maestro musik legendaris Indonesia tersebut. Lagu itu berisi ungkapan kekaguman atas ketangguhan dan keberanian para pejuang perempuan di garis depan pertempuran.

SCROLL TO CONTINUE WITH CONTENT

Sosok Kanaya Whu cukup dikenal masyarakat Jawa Barat. Bersama Emka 9, wanita asal Tasikmalaya ini selalu hadir mendampingi agenda Gubernur Jawa Barat Dedi Mulyadi, baik acara resmi maupun safari budaya ke berbagai wilayah.

Banyak lagu ciptaan Dedi Mulyadi yang kerap dinyanyikan Kanaya Whu, mulai dari lagu berjudul Rindu Purnama, Karembong Koneng, Prabu Siliwangi, Dangiang Galuh Pakuan, Indung, Memanen Cinta, dan lainnya. Kanaya sendiri bergabung dengan Emka 9 sejak tahun 2019 lalu.

Momen peringatan HUT ke-81 RI di Gedung Sate menjadi kesempatan terakhir bagi masyarakat Jawa Barat menyaksikan penampilan Kanaya Whu. Wanita berambut panjang itu mengembuskan napas terakhir di RSHS Bandung pada Minggu (13/9/2026), usai berjuang melawan penyakit kanker.

Kabar duka ini langsung disampaikan Gubernur Jawa Barat Dedi Mulyadi melalui akun Instagram-nya.

""Kami menyampaikan berita duka telah meninggal dunia, saudari kita, sahabat kita, Teh Kanaya di Rumah Sakit Hasan Sadikin Bandung karena menderita kanker. Semoga almarhum diterima iman islamnya, diamuni segala dosanya dan diterima di sisi Allah SWT,"" kata Dedi.

""Mohon dimaafkan segala dosanya, segala kesalagannya, semoga keluarganya ditabahkan dalam menghadapi cobaan yang berat ini,"" tambah Dedi.

Dedi menyebut, Kanaya akan dimakamkan di Tasikmalaya.

""Kanaya akan dimakamkan di tempat kelahiranya di Kabupaten Tasikmalaya,"" pungkasnya.",https://www.detik.com/jabar/berita/d-8660568/penyanyi-kanaya-whu-meninggal-dunia-di-rshs-usai-berjuang-melawan-kanker
26,Salman Rushdie Terima Anugerah Lifetime Achievement dari AS,"Salman Rushdie novelis asal India yang telah menjadi WN AS selama satu dekade terakhir bakal menerima penghargaan sastra bagi kalangan penulis elit Amerika. Ia menerima medali National Book Award untuk kategori lifetime achievement.

""Meskipun saya tinggal di sini selama bertahun-tahun sebelum menjadi warga negara dan punya green card, status kewarganegaraan tiba-tiba buat saya jadi bagian dari AS secara lebih mendalam. Menurut saya, ada kemiripan dengan penghargaan ini,"" ucap pria berusia 79 tahun tersebut, dilansir dari AP, Minggu (13/9/2026).

Ia berasal dari Mumbai dan bermigrasi ke Inggris saat remaja. Sekarang, ia tinggal di New York bersama istrinya yang juga seorang penulis, Rachel Eliza Griffiths.

Sahabat lama sekaligus sesama penulis (dan sesama imigran asal India), Kiran Desai, akan menyerahkan medali tersebut kepada Rushdie pada upacara National Book Awards musim gugur ini di Manhattan pada tanggal 18 November, saat penghargaan untuk lima kategori kompetitif akan diserahkan.

Salman Rushdie adalah pemenang ke-39 dari Distinguished Contribution to American Letters (Kontribusi Luar Biasa bagi Sastra Amerika) yang dipersembahkan oleh organisasi nirlaba National Book Foundation.

Tak hanya itu saja, namun dalam catatan sejarah Salman Rushdie juga merupakan orang keempat yang lahir di luar AS yang menerima penghargaan ini, menyusul Saul Bellow (asal Kanada), Isabel Allende (dari Chili), dan Art Spiegelman (kelahiran Swedia).

Sepanjang kariernya, Salman Rushdie telah menerbitkan lebih dari 20 buku termasuk Midnights Children. Pemenang Booker Prize ini sering dianggap sebagai salah satu novelis kontemporer terbaik dunia. Banyak orang mengingatnya sebagai novelis The Satanic Verses yang terbit tahun 1988, yang menyebutkan Nabi Muhammad dalam bukunya hingga memicu protes dari umat Musim dan fatwa Ayatollah Ruhollah Khomeini di Iran.

Selama bertahun-tahun, ia sembunyi dari ancaman pembunuhan sampai akhirnya ditikam di atas panggung festival sastra pada tahun 2022 di New York. Penyerangnya, Hadi Matar, bersalah atas percobaan pembunuhan.",https://www.detik.com/pop/culture/d-8661077/salman-rushdie-terima-anugerah-lifetime-achievement-dari-as
27,"Akhir Sepak Terjang Wanita Gadaikan 21 Mobil Rental, Ditangkap Saat Pesta Ultah","Polisi menangkap ALF (34), seorang wanita di Kabupaten Gowa, Sulawesi Selatan, atas dugaan penggelapan mobil-mobil rental hingga menimbulkan kerugian sekitar Rp 3 miliar. Pelaku ditangkap ketika ikut merayakan ulang tahun temannya di hotel di Makassar.

Dilansir detikSulsel, ALF ditangkap Tim URC Resmob Polda Sulsel dan Polresta Gowa di hotel Jalan Monumen Emmy Saelan, Kelurahan Gunung Sari, Kecamatan Rappocini, Makassar pada Jumat (21/9) malam.

""Benar kami menangkap terduga pelaku penipuan penggelapan sebanyak 21 unit kendaraan mobil (rental),"" jelas Panit 2 Resmob Polda Sulsel Ipda Muhammad Abel PM, Sabtu (12/9/2026).

SCROLL TO CONTINUE WITH CONTENT

Adapun 21 kendaraan itu antara lain berupa Mitsubishi Pajero, Toyota Fortuner, Toyota Zenix, Toyota Innova Reborn, dan Toyota Avanza. Nilai sewanya bervariasi antara Rp 13 juta hingga Rp 21 juta per bulannya. Total biaya sewa yang seharusnya dibayar pelaku mencapai sekitar Rp 300 juta sebulan.

""Aksi penggadaian disebut mulai dilakukan pada Desember 2025. Awalnya satu unit mobil digadaikan di Bantaeng melalui Irwan. Hingga April 2026, jumlah kendaraan yang digadaikan mencapai 21 unit,"" ujarnya.

Korban pemilik mobil melaporkan ALF terkait dugaan penipuan dan penggelapan ke Polresta Gowa pada 4 Juni 2026 lalu. Awalnya pelaku menyewa mobil dengan alasan untuk keperluan usaha dapur Makan Bergizi Gratis (MBG). Namun belakangan diketahui bahwa mobil itu digadaikan ke pihak lain.

""Pelaku sebelumnya menyewa mobil dari korban untuk kebutuhan usaha. Namun, mobil-mobil yang disewa tersebut kemudian digadaikan kepada pihak lain dengan menggunakan BPKB dan STNK palsu,"" terang Abel.

Pelaku diketahui mengelola dapur MBG di Kecamatan Tompobulu, Kabupaten Gowa serta di Kelurahan Barombong, Kota Makassar. Aksinya ini tidak dilakukan sendiri dan juga diketahui oleh suaminya.

""Pelaku kemudian berniat menggadaikan mobil-mobil tersebut untuk mendapatkan modal. Rencana itu disebut mendapat dukungan dari suaminya saat itu bernama Irfan,"" lanjut Abel.

ALF meminta bantuan rekannya bernama Heru untuk mendapatkan BPKB dan STNK yang akan digunakan untuk penggadaian. Dokumen yang diduga palsu tersebut diperoleh dengan harga sekitar Rp 13 juta hingga Rp 15 juta untuk setiap pasangan BPKB dan STNK.

""Pelaku juga menghubungi rekannya, Eva, yang kemudian memperkenalkannya dengan Irwan di Kabupaten Bantaeng. Irwan disebut menjadi pihak yang menerima mobil-mobil tersebut untuk digadaikan,"" terangnya.

Sebelum menjalankan aksinya, pelaku sempat membayar uang sewa kepada korban sebesar Rp 136 juta pada bulan Mei 2026 melalui transfer. Namun setelah itu, pembayaran sewa dari pelaku macet. Sejumlah kendaraan juga tidak dikembalikan ke pemilik.

""Akibat perbuatan tersebut, korban mengaku mengalami kerugian sekitar Rp3 miliar. Polisi kini masih mendalami keberadaan 21 kendaraan yang diduga telah digadaikan tersebut,"" pungkasnya.",www.detik.com/kalimantan/hukum-dan-kriminal/d-8660406/akhir-sepak-terjang-wanita-gadaikan-21-mobil-rental-ditangkap-saat-pesta-ultah
28,Marc Marquez Akhirnya Puncaki Klasemen MotoGP 2026,"Marc Marquez untuk pertama kalinya memuncaki klasemen MotoGP 2026. Hasil itu didapat setelah The Baby Alien memenangkan race di San Marino.

MotoGP San Marino 2026 digelar di Misano World Circuit Marco Simoncelli, Minggu (113/9) malam WIB. Marquez start dari P2 di belakang Marco Bezzecchi selaku pole-sitter.

Petaka menimpa Bezzecchi di lap pertama. Rider Aprilia ini mengalami crash hingga terlempar ke gravel.

SCROLL TO CONTINUE WITH CONTENT

Marc Marquez mengambil alih posisi terdepan usai crash Bezzecchi. Jorge Martin menyalipnya memasuki lap ketujuh.

Marquez merebut lagi pimpinan balapan dari Martin di lap ke-12. Rider Ducati ini berhasil mempertahankan posisi terdepan hingga garis finis, disusul Alex Marquez dan Pedro Acosta yang mengisi podium.

Kemenangan ini melengkapi hasil sempurna Marc Marquez di San Marino. Juara bertahan MotoGP ini juga meraih podium pertama dalam sprint race hari Sabtu (11/9).

Tambahan total 37 poin di San Marino mendongkrak posisi Marc Marquez di klasemen. The Baby Alien menduduki puncak untuk pertama kalinya sejak musim MotoGP 2026 bergulir.

Marc Marquez sudah mengoleksi 274 poin, sama seperti yang dimiliki Jorge Martin (274 poin). Pencapaian ini bisa dibilang luar biasa, mengingat MM(3 sempat crash di MotoGP Prancis dan absen dalam balapan Catalunya.

""Rasanya tidak nyata, tapi Anda tahu, jangan pernah menyerah, saya akan terus berjuang sampai akhir. Ini belum selesai, tapi ini belum berakhir,"" kata Marc Marquez usai race MotoGP San Marino 2026.

""Jadi kami masih berada di kejuaraan, berjuang melawan rider-rider yang sangat bagus, terutama Martin dan Bezzecchi. Namun seperti yang kita lihat hari ini, kami balapan di batas kemampuan, dan kesalahan kecil bisa merugikan banyak poin,"" ujarnya.",sport.detik.com/moto-gp/d-8661278/marc-marquez-akhirnya-puncaki-klasemen-motogp-2026
29,Hasil MotoGP San Marino 2026: Marc Marquez Juaranya!,"MotoGP San Marino 2026 tuntas digelar. Marc Marquez jadi juaranya disusul Alex Marquez dan Pedro Acosta.

MotoGP San Marino 2026 berlangsung di Sirkuit Misano. Pada Minggu (13/9) malam WIB, digelar balapan utama dengan total 27 laps.

Pada starting grid, posisi pole diisi oleh Marco Bezzecchi. Diikuti oleh Marc Marquez dan Fermin Aldeguer. Pada row dua diisi oleh Fabio Di Giannantonio, Jorge Martin, dan Luca Marini.

SCROLL TO CONTINUE WITH CONTENT

Balapan dimulai!
Marco Bezzecchi ngacir, sekaligus tutup celah buat Marc Marquez. Bezzecchi pun mempertahankan posisinya sampai tikungan pertama.

Jorge Martin naik ke posisi ketiga, Aldeguer turun keempat. Masuk ke tikungan ke-13, petaka buat Bezzecchi yang alami lowside, crash, dan terlempar ke gravel!

Marc Marquez naik ke posisi pertama. Jorge Martin naik kedua, Pedro Acosta bisa naik ke posisi ketiga di lap ketiga.

Panas duel duo Gresini vs KTM. Alex Marquez maju ke posisi ketiga setelah asapi Pedro Acosta, Aldeguer masih membayanginya di belakang.

Di lap keenam, Francesco Bagnaia terjatuh. Lagi-lagi, Pecco tidak menyelesaikan balapannya.

Di lap ketujuh pada tikungan keempat, Jorge Martin sukses menyalip Marc Marquez. Martin menyalip dari sisi dalam.

Balapan makin ketat. Posisi dari pertama sampai ketiga yakni Martin, Marc, dan Alex selisih waktunya tidak sampai 1 detik!

Lap ke-12, Marc Marquez sukses menyalip Jorge Martin di tikungan keenam. Marquez yang terus menekan dapatkan momentumnya.

Lap ke-14, gantian Alex Marquez salip Martin. Persis dilakukan seperti kakaknya, di tikungan keenam.

Marc Marquez bisa unggul nyaman satu detik dari kejaran Alex di lap ke-15. Sementara Martin, ditekan terus oleh Acosta.

Di lap ke-16, Asocta sukses salip Martin di tikungan kedelapan. Martin tampak mulai mengendur, yang selanjutnya bisa disalip Aldeguer.

Situasi tidak banyak berubah saat masuki lap ke-20. Alex sempat nyaris terlempar setelah berbelok, untung masih bisa kendalikan kuda besinya.

Alex sempat pangkas jarak jadi 0,624 dari Marc di depan. Tapi Marc masih bisa pertahankan momentumnya. Tiga lap terakhir, Alex makin kikis jarak jadi selisih 0,3 detik dari Marc!

Marc Marquez akhirnya tidak terkejar. Rider Ducati itu jadi kampiun MotoGP San Marino 2026 disusul oleh Alex Marquez dan Pedro Acosta yang lengkapi podium.

1 Marc Marquez SPA Ducati Lenovo (GP26) 27 laps
2 Alex Marquez SPA BK8 Gresini Ducati (GP26) +0.657s
3 Pedro Acosta SPA Red Bull KTM (RC16) +2.326s
4 Fermin Aldeguer SPA BK8 Gresini Ducati (GP25) +6.027s
5 Jorge Martin SPA Aprilia Racing (RS-GP26) +14.021s
6 Raul Fernandez SPA Trackhouse Aprilia (RS-GP26) +18.252s
7 Fabio Di Giannantonio ITA Pertamina VR46 Ducati (GP26) +20.581s
8 Enea Bastianini ITA Red Bull KTM Tech3 (RC16) +20.858s
9 Luca Marini ITA Honda HRC Castrol (RC213V) +22.911s
10 Fabio Quartararo FRA Monster Yamaha (YZR-M1) +23.229s
11 Brad Binder RSA Red Bull KTM (RC16) +23.905s
12 Toprak Razgatlioglu TUR Pramac Yamaha (YZR-M1)* +28.031s
13 Franco Morbidelli ITA Pertamina VR46 Ducati (GP25) +28.927s
14 Pol Espargaro SPA Red Bull KTM Tech3 (RC16) +31.792s
Johann Zarco FRA Castrol Honda LCR (RC213V)
Alex Rins SPA Monster Yamaha (YZR-M1)
Joan Mir SPA Honda HRC Castrol (RC213V)
Francesco Bagnaia ITA Ducati Lenovo (GP26)
Jack Miller AUS Pramac Yamaha (YZR-M1)
Diogo Moreira BRA Pro Honda LCR (RC213V)*
Marco Bezzecchi ITA Aprilia Racing (RS-GP26)",https://sport.detik.com/moto-gp/d-8661237/hasil-motogp-san-marino-2026-marc-marquez-juaranya
30,Polisi Ungkap Motif Pria Cekoki Narkoba ke Mahasiswi hingga Tewas di Jakbar,"Polisi menetapkan pria berinisial ID sebagai tersangka setelah mencekoki narkoba ke mahasiswi berinisial S hingga tewas di salah satu hotel di kawasan Duri Kosambi, Cengkareng, Jakarta Barat (Jakbar). Polisi mengungkapkan motif tersangka.

""Kalau dari keterangan tersangka, tersangka ini tujuannya untuk senang bersama-sama. Jadi merasakan kesenangan di dalam ruangan karaoke itu bersama-sama dengan korban. Nah, seperti itu. Karena memang pelaku juga mengkonsumsi obat ekstasi tersebut,"" kata Kapolsek Cengkareng Polres Metro Jakarta Barat AKP Rahis Fathlillah saat dihubungi, Minggu (13/9/2026).

Rahis menjelaskan, total ada enam orang yang berada di tempat karaoke. Dia menyebutkan hanya korban yang dicekoki ekstasi oleh tersangka.

SCROLL TO CONTINUE WITH CONTENT

""Totalnya semuanya ada lima, korban enam. Terus memang yang diberikan ekstasi oleh tersangka itu hanya korban. Karena pada posisi pada saat itu korban ini menemani tersangka di dalam karaoke,"" jelasnya.

Rahis mengatakan korban dan pelaku merupakan teman. Menurut dia, peristiwa itu terjadi saat kali kedua mereka bertemu.

""Nggak ada hubungan. Karena teman aja, itu yang kedua kalinya. Terus diundang lagi, dipaksa untuk itu. Kalau hubungan tidak ada sih, teman gitu aja,"" ujarnya.

Dicekoki Narkoba Saat Karaoke

AKP Rahis mengatakan peristiwa tersebut bermula saat pria berinisial ID mengajak korban bersama sejumlah rekannya untuk karaoke di kawasan PIK 2. Tersangka disebut telah mempersiapkan ekstasi dan obat riklona.

""Sesampainya di tempat karaoke, tersangka kemudian mengajak korban dan rekannya berinisial ML ke toilet,"" kata AKP Rahis, kepada wartawan, Kamis (10/9).

Saat di tempat karaoke, korban sempat menolak ketika ditawari ekstasi. Namun tersangka kembali mengajak korban bersama rekannya ke toilet. Korban dan rekannya kemudian masing-masing diberi setengah butir ekstasi.

Beberapa jam kemudian, tersangka kembali memberikan ekstasi kepada keduanya. Korban dan rekannya kembali mendapatkan masing-masing setengah butir ekstasi.

""Korban dan temannya ini diberi ekstasi masing-masing setengah butir untuk kedua kalinya,"" jelas Rahis.

Setelah karaoke selesai, tersangka diduga kembali memberikan obat kepada korban dan rekannya masing-masing mendapatkan dua butir riklona. Tersangka lalu mengajak korban bersama sejumlah saksi untuk menginap di salah satu hotel di kawasan Cengkareng, Jakarta Barat.

Sesampai di hotel, korban terlihat lemas hingga harus dipapah untuk masuk ke dalam hotel. Saat berada di depan lift, korban sempat terjatuh.

Pihak hotel kemudian memberikan kursi roda untuk membawa korban menuju kamar. Setiba di kamar, korban kemudian diangkat dan dibaringkan di atas tempat tidur. Tersangka bersama saksi sempat memberikan susu dan minuman elektrolit kepada korban.

Keesokan harinya, tersangka bersama para saksi meninggalkan korban seorang diri di dalam kamar karena harus pergi bekerja. Saat itu, korban masih berada di hotel dalam kondisi lemas.

Sekitar pukul 13.30 WIB, pihak hotel melakukan pengecekan ke kamar karena waktu check out telah lewat. Petugas hotel kaget menemukan korban tewas.

Pihak hotel lalu melaporkan hal itu kepada polisi. Saat melakukan olah TKP awal, polisi menyita sejumlah barang bukti, termasuk minuman elektrolit dan 19 butir obat jenis riklona. Polisi juga mengamankan percakapan WhatsApp para saksi dan rekaman CCTV yang berkaitan dengan kejadian tersebut.

""Berdasarkan hasil visum luar dan dalam atau autopsi terhadap korban, diketahui korban meninggal dunia akibat intoksikasi zat amfetamin dan metamfetamin,"" jelasnya.",https://news.detik.com/berita/d-8660857/polisi-ungkap-motif-pria-cekoki-narkoba-ke-mahasiswi-hingga-tewas-di-jakbar
31,"Kabar Vicky Zhao Setelah 5 Tahun Di-blacklist, Wajah Awet Muda Jadi Sorotan","Aktris Zhao Wei yang juga dikenal sebagai Vicky Zhao cukup lama menghilang dari dunia hiburan. Tapi nama bintang 'Putri Huan Zu' yang populer sejak era 90an itu masih sering dibicarakan karena berbagai berita yang menyangkut kontroversinya. Setelah menghilang lima tahun, penampilan terbaru Vicky pun menuai perbincangan.

Baru-baru ini, sebuah foto yang diduga menampilkan Vicky Zhao jadi viral. Dalam postingan, artis China itu terlihat dengan rambut berwarna cokelat, wajah mungil, kulit cerah dan halus, mata besar, serta fitur wajah yang lembut. Vicky terlihat lebih muda di usianya yang menginjak 50 tahun.

Foto tersebut menuai banyak pujian. Banyak orang terkejut melihat penampilannya yang tampak tak menua. Ditambah gaya busana dan rambutnya yang kekinian, sulit dipercaya bahwa ia sudah kelahiran 1976.

SCROLL TO CONTINUE WITH CONTENT

Vicky ZhaoVicky Zhao Foto: Weibo


Namun, di saat yang sama, muncul pula pertanyaan mengenai apakah foto itu telah diedit atau menggunakan filter mengingat kulit dan fitur wajahnya tampak begitu mulus hingga hampir tidak ada tanda-tanda penuaan.

Dilansir Kbizoom, gambar yang viral itu ternyata telah diedit oleh seorang penggemar sebelum diunggah ulang di media sosial. Postingan aslinya berasal dari rangkaian foto yang dibagikan Zhao Wei saat berkunjung ke Desa Haiyan di Kunming, Yunnan. Dalam foto-foto aslinya, Vicky tampak lebih alami meski tetap terlihat cantik.

Meski masih sesekali terlihat di media sosial, tampaknya Vicky Zhao belum bisa aktif berkarier di industri hiburan. Sebelumnya berbagai rumor mengenai kondisi financial Vicky Zhao sering jadi sorotan. Ia dituduh banyak utang dan tuntutan bahkan terlibat jaringan kriminal juga pencucian uang. Namun laporan terbaru justru menyebut ia memiliki kehidupan yang nyaman di luar negeri meskipun mengalami kejatuhan di China.

Vicky ZhaoVicky Zhao Foto: Weibo


Menurut QQ, Vicky Zhao yang juga dikenal lewat drama Kabut Cinta telah menyiapkan jalan keluar jauh sebelum larangan beraktivitas di dunia hiburan resmi diberlakukan setelah ia dan mantan suaminya, pengusaha Huang Youlong, dituduh memanipulasi pasar saham. Skandal tersebut dilaporkan menyebabkan kerugian finansial besar bagi banyak investor di seluruh China.

Terlepas dari situasinya, sebuah laporan mengklaim Vicky Zhao telah mentransfer sebagian besar kekayaannya ke luar negeri beberapa tahun sebelumnya. Pemain 'So Close' tersebut juga disebut sebagai investor yang sangat pandai sehingga diduga membeli properti real estat berharga di Singapura dan memindahkan aset ke Amerika Serikat.

Karena itu, meski bisnisnya di China dilaporkan runtuh dan beberapa aset dibekukan, Vicky masih mampu mempertahankan gaya hidup yang stabil di luar negeri dan menyekolahkan putrinya di sekolah-sekolah elit.",wolipop.detik.com/entertainment-news/d-8659859/kabar-vicky-zhao-setelah-5-tahun-di-blacklist-wajah-awet-muda-jadi-sorotan
32,Andika usai Dodhy Umumkan Kangen Band Bubar,"Kangen Band dikabarkan bubar. Kabar itu diumumkan gitaris sekaligus pendirinya, Dodhy Hardiyanto, pada Sabtu (12/9/2026) melalui unggahan di Instagram.

Vokalis Kangen Band, Andika, mengaku belum mengetahui secara pasti alasan di balik keputusan tersebut. Ia baru mengetahui kabar itu melalui unggahan Dodhy di media sosial.

""Kalau gua sih belum tahu maksudnya. Nunggu aja nanti apa dari pihak manajemen, pihak-pihak terkait. Harus ketemu personel yang lain. Besok kita ketemuan sama anak-anak Kangen Band, gua terbang ke Jakarta, harus duduk bareng,"" kata Andika saat dihubungi awak media, Sabtu (12/9/2026).

SCROLL TO CONTINUE WITH CONTENT

Andika juga mengaku, belum mengetahui maksud Dodhy terkait pernyataan soal kezaliman, maupun persoalan internal yang disebut menjadi latar belakang bubarnya band tersebut.

""Makanya gua harus ketemu mereka, seperti apa. Mereka kan tahu,"" ujarnya.

Andika memilih menunggu penjelasan langsung dari seluruh personel sebelum mengambil sikap. Ia menegaskan tidak ingin menanggapi persoalan tersebut secara sepihak.

""Ya gua nyikapin ini mungkin sabar aja dulu sampai dengar semua personel seperti apa. Gua harus menanyakan juga, gak bisa sepihak,"" kata Andika.

Pertemuan terakhir Andika dengan personel Kangen Band, disebut berlangsung di Hong Kong sekitar empat hari sebelum pernyataan pembubaran tersebut muncul.",https://hot.detik.com/celeb/d-8660024/andika-usai-dodhy-umumkan-kangen-band-bubar
33,Media Spanyol Apresiasi Debut Emil Audero di Rayo Vallecano,"Emil Audero Mulyadi menjalani debut bersama Rayo Vallecano. Performanya di bawah mistar mendapat apresiasi media Spanyol, meski timnya dibabat Real Madrid.

Jornada kelima Liga Spanyol menghadirkan duel Real Madrid vs Rayo Vallecano. Pertandingan digelar di Santiago Bernabeu, Minggu (13/9/2026).

Rayo Vallecano menurunkan Emil Audero sebagai starter tim. Ini menjadi penampilan pertama kiper Timnas Indonesia itu bersama Los Franjirrojos.

SCROLL TO CONTINUE WITH CONTENT

Real Madrid sudah unggul 3-0 di babak pertama. Emil Audero dibobol Kylian Mbappe (penalti), Alvaro Carreras, dan Jude Bellingham.

Rayo Vallecano membalas di babak kedua dengan gol Sergio Camello. Gol Mbappe di injury time memastikan kemenangan Real Madrid 4-1.

Meski kebobolan 4 kali, Audero tetap mendapat perhatian di lapangan. Eks kiper Juventus itu total melakukan 7 penyelamatan, termasuk save gemilang dari sundulan Denzel Dumfries pada menit ke-77.

Media Spanyol Marca menuliskan, Rayo Vallecano kebobolan banyak di babak pertama akibat 2 kesalahan pemain bertahan Florian Lejeune. Emil Audero justru disebut bersinar di babak kedua.

""Audero menjalani debut yang tak terlupakan di Bernabeu, meskipun hasilnya tidak mencerminkan penampilannya,"" Marca menuliskan.

AS Diario turut memberi kesan positif kepada Audero. Penjaga gawang berusia 28 tahun itu disebutkan melakukan 'penyelamatan tahun ini'.

""Terlepas dari penurunan performa, Audero mencega gol dari Dumfries dengan penyelamatan terbaik tahun ini. Itu adalah momen cerah dalam debutnya yang sulit,"" AS Diario menuliskan.",sport.detik.com/sepakbola/liga-spanyol/d-8660982/media-spanyol-apresiasi-debut-emil-audero-di-rayo-vallecano
34,"Mobil Murah Toyota Meluncur Pekan Depan, Konsumsi BBM-nya 24 Km/L","Toyota bersiap meluncurkan versi terbaru Glanza di India. Mobil hatchback yang merupakan kembaran Suzuki Baleno itu dijadwalkan meluncur pekan depan (14/9).

Toyota Glanza saat ini dijual mulai sekitar 6.7 lakh rupee atau Rp 120 jutaan. Model terbarunya diprediksi membawa sejumlah pembaruan, salah satunya konsumsi BBM yang lebih irit.

SCROLL TO CONTINUE WITH CONTENT

Varian terbaru Glanza disebut mampu mencatat konsumsi BBM hingga 24,77 km/l untuk versi transmisi AMT. Sementara varian manual diperkirakan memiliki konsumsi 23,80 km/l.

Dikutip dari GaadiWaadi, Jumat (11/9), Toyota Glanza terbaru bakal mendapat sejumlah perubahan, terutama pada bagian eksterior. Desain bagian depan dibuat lebih agresif dengan grille berbentuk V berukuran lebih besar.

Logo Toyota kemungkinan dipindahkan ke bagian depan kap mesin. Bumper, fog lamp, serta grille udara bagian bawah juga akan mendapat desain baru.

Sementara bagian samping dan belakang diperkirakan masih mempertahankan desain current model. Mobil ini tetap menggunakan pelek alloy 16 inci, lampu belakang LED, serta aksen krom.

Masuk ke kabin, perubahan juga diperkirakan tak terlalu besar. Namun, Toyota disebut akan menambahkan fitur seperti jok depan berventilasi, wireless charger dengan fitur pendingin, serta jok berlapis leatherette.

Yang menarik, Toyota juga kemungkinan mengganti mesin Glanza. Mesin bensin 1.2 liter empat silinder K12N akan digantikan mesin 1.2 liter tiga silinder Z12E.

Mesin baru tersebut menghasilkan tenaga 82 hp dan torsi 112,4 Nm untuk varian bensin. Tenaganya memang sedikit turun dibanding mesin lama yang menghasilkan 89 hp dan torsi 113 Nm.

Namun, efisiensinya meningkat. Konsumsi BBM Glanza terbaru diperkirakan mencapai 23,80 km/l untuk transmisi manual dan 24,77 km/l untuk AMT.
Artinya, konsumsi BBM varian manual meningkat sekitar 1,45 km/l, sedangkan versi AMT naik 1,83 km/l dibanding model sebelumnya.

Untuk varian CNG, mesin Z12E menghasilkan tenaga 69 hp dan torsi 101,8 Nm. Konsumsi bahan bakarnya diperkirakan mencapai 33,61 km/kg, atau meningkat sekitar 3 km/kg dibanding model saat ini.

Dengan harga model sekarang yang berada di kisaran Rp 120 jutaan, Glanza terbaru berpotensi menjadi salah satu mobil murah Toyota dengan kombinasi desain lebih agresif, fitur lebih lengkap, dan konsumsi BBM hingga 24 km/l.",oto.detik.com/mobil/d-8657959/mobil-murah-toyota-meluncur-pekan-depan-konsumsi-bbm-nya-24-km-l
35,"Duo Begal Rampas Motor di Cileungsi, 1 Pelaku Tewas Usai Beraksi","Duo begal beraksi merampas sepeda motor milik seorang pria berinisial IL (26) di Desa Cileungsi, Cileungsi, Bogor, Jawa Barat (Jabar). Sesaat setelah merampas sepeda motor korban, salah seorang pelaku tewas dalam kecelakaan.

Kapolsek Cileungsi Kompol Edison mengatakan begal terjadi sekitar pukul 03.45 WIB tadi. IL hendak menuju Cikeas, Gunung Putri, dengan sepeda motor.

""Akan tetapi, saat di pertengahan jalan, tepatnya di sekitar tempat kejadian tersebut, tiba-tiba korban dipepet oleh pelaku dengan menggunakan sepeda motor,"" kata Edison, Sabtu (12/9/2026).

SCROLL TO CONTINUE WITH CONTENT

Saat itu, dia mengatakan pelaku langsung mencabut paksa kunci sepeda motor korban. Sepeda motor korban kemudian mati dan tidak bisa digunakan lagi.

""Melihat kejadian tersebut, korban langsung mengambil tas jinjingnya yang disimpan di jok depan sepeda motor tersebut, dan menyelamatkan diri dengan menyeberang ke jalan raya, dan meninggalkan sepeda motor tersebut di tempat kejadian,"" imbuhnya.

Korban kemudian meminta pertolongan kepada warga sekitar. Lalu ada pengemudi mobil pikap yang datang menanyakan kepada korban peristiwa yang terjadi.

""Saat itu pun laki-laki tersebut menyarankan untuk menghubungi keluarganya, akan tetapi korban memilih menumpang kendaraan mobil pikap sampai Wanaherang,"" tuturnya.

Ketika menumpang di mobil pikap, korban lihat ada warga yang sedang menolong pria yang menjadi korban kecelakaan di wilayah Cikeas, Gunung Putri. Saat itu, diduga kondisinya sudah meninggal dunia.

""Tidak lama kemudian, korban melihat tas tenteng korban yang di gantung di sepeda motor laki-laki yang kecelakaan tersebut, dan saat itu korban mengatakan bahwa yang diduga korban kecelakaan tersebut adalah pelaku perampasan atau begal sepeda motor korban,"" imbuhnya.

Warga sekitar kemudian melaporkan kejadian itu kepada Polsek Gunung Putri. Pelaku kemudian diserahkan kepada pihak kepolisian.

""Bahwa benar satu orang laki-laki yang meninggal dan tidak dikenal tersebut, diduga pelaku perampasan sepeda motor korban tersebut,"" pungkasnya.",news.detik.com/berita/d-8660004/duo-begal-rampas-motor-di-cileungsi-1-pelaku-tewas-usai-beraksi
36,Terkuak Alasan Pasokan MBG ke 1.653 Sekolah Disetop,"Badan Gizi Nasional (BGN) menghentikan penyaluran Makan Bergizi Gratis (MBG) kepada 1.653 sekolah. Keputusan tersebut diambil setelah BGN melakukan pemutakhiran data.

Kepala BGN Sudaryono menjelaskan, sekolah yang dicoret didominasi oleh sekolah swasta berstandar internasional. Kebijakan serupa juga menyasar sekolah yang menjalin kerja sama dengan lembaga nasional maupun internasional.

Selain itu, BGN mempertimbangkan kondisi finansial sekolah dalam menentukan penerima MBG. Sekolah yang dinilai telah mampu membiayai operasionalnya secara mandiri dan tidak bergantung pada dana Bantuan Operasional Sekolah (BOS) dikeluarkan dari daftar penerima program.

SCROLL TO CONTINUE WITH CONTENT

""Mayoritas dari 1.653 yang kami exclude atau kami keluarkan dari daftar penerima manfaat tadi adalah sekolah-sekolah swasta bertaraf internasional, sekolah atau satuan pendidikan yang kerja sama dengan institusi internasional maupun nasional dan sekolah-sekolah yang sudah mandiri secara finansialnya, tanpa bergantung pada bantuan operasional sekolah atau Dana BOS,"" ujar Sudaryono dalam keterangan tertulis , Jumat (11/9/2026).

Pemutakhiran sasaran penerima manfaat dilakukan BGN melalui kerja sama dengan Kementerian Pendidikan Dasar dan Menengah serta Kementerian Agama untuk memperoleh data satuan pendidikan secara lebih menyeluruh.

Pendataan tersebut mencakup lebih dari 580.000 satuan pendidikan di Indonesia yang terdiri atas sekolah negeri, madrasah, pondok pesantren, dan satuan pendidikan keagamaan lainnya.

Dari jumlah tersebut, lebih dari 340.000 satuan pendidikan telah mendapatkan layanan MBG. Sementara itu, sekitar 240.000 satuan pendidikan lainnya masih belum menerima program MBG dan akan menjadi bagian dari tahapan perluasan layanan.

""Lebih dari 340.000 sekolah telah mendapatkan atau dilayani program MBG di sekolahnya artinya masih ada sekitar 240.000 sekolah yang belum menerima program MBG ,"" jelas Sudaryono.

Dialihkan ke Wilayah 3T
Sudaryono mengatakan BGN akan mengalihkan jatah MBG dari ribuan sekolah yang dicoret tadi untuk perluasan layanan yang dilakukan secara bertahap, berdasarkan prioritas wilayah dan hasil pemetaan satuan pendidikan yang belum mendapatkan layanan MBG. Utamanya, di sekolah-sekolah yang ada di wilayah 3T.

""Prioritas kami tentu saja adalah sekolah-sekolah atau satuan pendidikan yang berada di wilayah 3T, terdepan, terluar, dan tertinggal, serta wilayah-wilayah lain yang angka stunting-nya tinggi dan tinggi sekali,"" ujar Sudaryono.

Dia mencontohkan Maluku dan Papua sebagai salah satu wilayah yang menjadi perhatian dalam perluasan layanan MBG. Berdasarkan pendataan BGN, masih terdapat sekitar 15.000 satuan pendidikan di kedua wilayah tersebut yang belum terlayani program MBG.

""Contoh saja misalnya di Maluku dan di Papua, ada sekitar 15.000 satuan pendidikan yang belum terlayani. Tentu saja wilayah-wilayah seperti di Maluku dan Papua ini menjadi prioritas, ditambah dengan wilayah-wilayah lain yang angka stunting-nya tinggi dan wilayah-wilayah 3T lainnya yang tersebar di seluruh Indonesia,"" jelas Sudaryono.",finance.detik.com/berita-ekonomi-bisnis/d-8659243/terkuak-alasan-pasokan-mbg-ke-1-653-sekolah-disetop
37,Minyak Jelantah dari MBG Bakal 'Disulap' Jadi Avtur Ramah Lingkungan,"PT Pertamina Patra Niaga memanfaatkan minyak jelantah atau Used Cooking Oil (UCO) diolah menjadi bahan bakar pesawat ramah lingkungan (Sustainable Aviation Fuel/SAF). Dalam hal tersebut, Pertamina Patra Niaga telah menyiapkan dua skema bisnis dalam menjaga pasokan minyak jelantah.

Executive General Manager Pertamina Patra Niaga Kilang Cilacap Hermawan Budiantoro mengatakan skema pertama menyasar langsung masyarakat hingga komunitas. Pengumpulan minyak jelantah dari rumah tangga dilakukan melalui penyediaan fasilitas khusus, seperti dispenser pengumpul UCO (drop box).

""Ada dispenser-dispenser untuk mengumpulkan ya barangkali pernah lihat baik itu di kilang maupun di MOR (Marketing Operation Region), dikumpulkan,"" ujar Hermawan dalam acara Pertamina Media Xpose di Cilacap, Jawa Tengah, Kamis (10/9/2026).

SCROLL TO CONTINUE WITH CONTENT

Kendati demikian, pengumpulan berbasis komunitas rumah tangga dinilai memiliki keterbatasan dalam kecepatan dan volume pasokan. Ia menyebut pihaknya juga bekerja sama dengan usaha lain agar pasokan minyak jelantah lebih masif.

Salah satunya, strategi melalui skema antarbisnis (B2B). Kerja sama dilakukan dengan menggandeng berbagai pihak strategis, termasuk pelaku usaha sektor HoReKa (Hotel, Restoran, Kafe), Koperasi Desa Merah Putih (KDMP), hingga dapur Satuan Pelayanan Pemenuhan Gizi (SPPG) yang melaksanakan program Makan Bergizi Gratis (MBG).

""Kemudian juga skema business-to-business, jadi dari SPPG, HoReKa, KDMP,"" tambah ia.

Hermawan menjelaskan harga pembelian yang ditawarkan pada setiap skema berbeda. Pada skema B2B, harganya lebih tinggi. Namun, untuk skema B2C, harga pembelian minyak jelantah mencapai Rp 6.000 per liter.",https://finance.detik.com/energi/d-8657564/minyak-jelantah-dari-mbg-bakal-disulap-jadi-avtur-ramah-lingkungan
38,Danantara soal BGN Pindah ke Gedung Telkom: Disewa di Atas Harga Pasar,"COO Danantara sekaligus Kepala BP BUMN Dony Oskaria buka suara soal Gedung Merah Putih (GMP) milik Telkom di kawasan Gatot Subroto Jakarta bakal ditempati oleh Badan Gizi Nasional (BGN) dalam beberapa bulan ke depan.

Dony menyampaikan hal tersebut merupakan bagian dari optimalisasi aset milik Telkom yang sudah melalui kajian internal perusahaan.

""Itu kan corporate action ya. Satu, yang pertama adalah bahwa tentu sudah ada pertimbangan. Jadi harus dilihat bahwa kadang-kadang kan kita melihatnya dari sisi yang negatif. Ini optimalisasi aset pasti sudah dilakukan, sudah dikaji tentu oleh Telkom ya, untuk melakukan itu,"" ujar Dony saat ditemui di Kantor Kementerian Keuangan, Jakarta, Rabu (9/9/2026).

SCROLL TO CONTINUE WITH CONTENT

Ia juga menyampaikan BGN tak serta merta pindah begitu saja tanpa membayar biaya sewa.

Kata Dony, penyewaan gedung tersebut dilakukan melalui transaksi bisnis yang normal. Di mana akan ada penilaian dari Kantor Jasa Penilai Publik (KJPP) untuk memastikan harga transaksinya. Bahkan Dony menyebutkan nilai sewa Gedung Merah Putih kepada BGN berada di atas harga pasar.

""Ya, tetapi proses sewanya tentu karena perusahaan terbuka melewati tadi, benturan kepentingan. Jadi harus ada KJPP-nya, market price-nya, dan saya dengar ini harganya di atas daripada harga pasar untuk sewa. Ini yang paling penting ya,"" ujar Dony.

""Jadi jangan lihat, Ini gedung itu.. Jadi kadang-kadang kan kita melihatnya tuh, memang ada masalah apa? Gedung disewakan kan banyak. Itu OJK juga sewa gedung. Di mana juga sewa gedung, ini normal aja,"" sambungnya.

Sebelumnya, PT Telkom Indonesia (Persero) Tbk (Telkom) menyambut positif rencana pemanfaatan Gedung Graha Merah Putih (GMP) oleh Badan Gizi Nasional (BGN) secara skema Business to Business (B2B). Langkah penyewaan ini menjadi bagian dari strategi leveraging asset perusahaan untuk mengoptimalkan aset properti sekaligus membuka peluang pendapatan baru dari konektivitas digital.

Direktur Utama Telkom, Dian Siswarini menyampaikan bahwa skema bisnis ini dijalankan secara proporsional dengan tetap mengedepankan tata kelola perusahaan yang baik (Good Corporate Governance).

""Bagi Telkom Group, rencana penyewaan gedung GMP oleh BGN merupakan bentuk leveraging asset yang dapat menghadirkan peluang bisnis baru, termasuk melalui penyediaan layanan konektivitas dan solusi digital unggul dari yang kami miliki,"" ujar Dian dalam keterangannya, Selasa (8/9/2026).

""Saat ini, sejumlah unit masih yang berkaitan tersebar di berbagai lokasi kerja di Jakarta. Melalui penataan ini, kami ingin menciptakan lingkungan kerja yang lebih terintegrasi sesuai stream masing-masing unit. Harapannya, ini dapat membuat kolaborasi menjadi lebih mudah, proses kerja semakin efektif, dan produktivitas karyawan semakin meningkat,"" jelas Dian.

Proses transisi penempatan ruang kerja BGN di GMP akan dilakukan secara bertahap setelah seluruh pembahasan negosiasi rampung. Telkom memastikan keamanan, keselamatan, serta kenyamanan operasional karyawan tetap menjadi prioritas utama.

""Berdasarkan hasil survei dan diskusi bersama Telkom, BGN menyampaikan rencana pemanfaatan GMP untuk ruang kerja serta beberapa fasilitas workstation standar. Pemanfaatan tersebut akan dilakukan setelah proses penataan unit-unit di Telkom dan pemindahan peralatan kerja existing ke lokasi yang telah disepakati bersama,"" lanjut Dian.",finance.detik.com/berita-ekonomi-bisnis/d-8655752/danantara-soal-bgn-pindah-ke-gedung-telkom-disewa-di-atas-harga-pasar
39,BGN Larang Susu Kental Manis hingga Minuman Rasa Susu di Menu MBG,"Badan Gizi Nasional (BGN) melarang penggunaan sejumlah produk minuma susu dalam menu program Makan Bergizi Gratis (MBG). Produk yang dilarang mencakup minuman susu, minuman mengandung susu, minuman rasa susu, hingga susu kental manis.

Keputusan ini dihasilkan dalam rapat koordinasi BGN bersama sejumlah kementerian/lembaga dan asosiasi pada Selasa (8/9/2026). Rapat tersebut membahas pemanfaatan susu hewani dalam menu program MBG.

""BGN secara tegas melarang penggunaan produk minuman susu, minuman mengandung susu, minuman rasa susu, maupun susu kental manis dalam menu MBG,"" tulis keterangan dalam akun Instagram resmi BGN @badangizinasional.ri dikutip, Rabu (9/9/2026).

SCROLL TO CONTINUE WITH CONTENT

Sebagai gantinya, BGN merekomendasikan pemberian susu hewani bagi penerima manfaat yang meliputi ibu hamil, ibu menyusui, balita berusia di atas dua tahun, serta seluruh peserta didik.

Adapun kenis produk yang direkomendasikan mencakup susu pasteurisasi, UHT, dan susu steril full cream plain. Produk ini juga tidak diperbolehkan ditambah dengan gula, pengawet, perasa dan pewarna.

Kemudian dalam produk susu yang digunakan hari memliki kandungan susu segar minimal 80%, serta telah mengantongi izin edar resmi dari BPOM RI.

""Khusus untuk produk susu pasteurisasi, penanganannya wajib menggunakan sistem rantai dingin (cold chain) dari sarana produksi hingga sampai ke tangan penerima manfaat,"" tulis keterangan BGN.

Untuk pemberian susu hewani, BGN menetapkan dengan harga satuan Rp 3.000 untuk volume minimal 125 ml dan Rp 4.500 untuk volume 200 ml sampai di dapur pelaksana.

""Melalui keputusan ini, pemanfaatan susu hewani dalam menu MBG diharapkan tidak hanya memenuhi kecukupan konsumsi protein hewani bagi penerima manfaat, tetapi juga mendongkrak produktivitas serta kesejahteraan para peternak lokal di seluruh Indonesia,"" tutup keterangan BGN.",https://finance.detik.com/berita-ekonomi-bisnis/d-8655118/bgn-larang-susu-kental-manis-hingga-minuman-rasa-susu-di-menu-mbg
40,Purbaya Terjunkan Anak Buah Awasi Ketat Dapur MBG,"Menteri Keuangan Purbaya Yudhi Sadewa buka suara soal Satuan Pelayanan Pemenuhan Gizi (SPPG) atau dapur program Makan Bergizi Gratis (MBG).

Purbaya mengaku telah mengerahkan tim dari Direktorat Jenderal Perbendaharaan Kementerian Keuangan memonitor dapur MBG seluruh Indonesia.

Langkah ini diambil dalam rangka mengawasi penggunaan anggaran pada setiap dapur MBG. Jika ada dapur yang terbukti menyalahgunakan anggaran, maka langsung dilaporkan ke Badan Gizi Nasional (BGN).

SCROLL TO CONTINUE WITH CONTENT

Purbaya menegaskan, apabila setelah dilaporkan ke BGN tetap tidak ada perubahan, maka anggaran akan dikurangi.

""Jadi saya kerahkan orang Dirjen Perbendaharaan di seluruh Indonesia untuk memonitor secara berkala SPPG-SPPG yang ada di setiap daerah Indonesia. Itu akan menjadi penambahan tentang pelaksanaan program itu, nanti kalau ada yang ngaco-ngaco kita kasih masukkan ke BGN bahwa di satu tempat SPPG tertentu melakukan kesalahan dan kalau nggak didengar kita kurangin anggarannya,"" jelas Purbaya di kawasan Sunter, Jakarta Utara, Selasa (8/9/2026).

Purbaya menambahkan, di sisi lain, BGN telah melakukan efisiensi anggaran menjadi Rp 240 triliun dari Rp 330 triliun. Anggaran program MBG juga masih berpeluang dipangkas kembali.

Tahun ini, menurut perkiraan Purbaya dari total anggaran BGN yang telah dipangkas, hanya terpakai di bawah Rp 200 triliun.

""Jadi kepala BKN yang baru orangnya cukup bagus ya, bagus malah. Itu sudah melakukan efisiensi Implementasi program itu, sudah ada penghematan yang besar. Tahun ini kan tadinya anggarannya Rp 330 triliun, turun ke Rp 270 triliun, Rp 240 triliun. Saya pikir tahun ini implementasinya akan di bawah itu, di bawah Rp 200 triliun mungkin dugaan saya,"" jelas Purbaya.",https://finance.detik.com/berita-ekonomi-bisnis/d-8654488/purbaya-terjunkan-anak-buah-awasi-ketat-dapur-mbg
41,"Purbaya Ngaku Tak Pusingkan Anggaran BGN, Tahun Ini Tak Sampai Rp 200 T","Menteri Keuangan (Menkeu) Purbaya Yudhi Sadewa, mengaku tak pusing mengelola anggaran untuk program Makan Bergizi Gratis (MBG). Hanya saja, ia menyebut program tersebut memiliki sejumlah konsekuensi, salah satunya terhadap neraca utang jika terjadi kebocoran anggaran.

""Saya mah nggak pusing, tinggal bayar. Cuma kan konsekuensinya ke utang segala macam, apalagi kalau ada kebocoran sana-sini,"" ungkap Purbaya kepada wartawan di kawasan Sunter, Jakarta Utara, Selasa (8/9/2026).

Meski begitu, Purbaya menilai Badan Gizi Nasional (BGN) saat ini dipimpin oleh sosok yang tepat. Pasalnya, BGN saat ini banyak melakukan efisiensi terhadap penyelenggaraan program prioritas Presiden Prabowo Subianto tersebut.

SCROLL TO CONTINUE WITH CONTENT

Purbaya mengatakan, BGN telah melakukan efisiensi anggaran menjadi Rp 240 triliun dari Rp 330 triliun. Ia menilai, anggaran program MBG juga masih berpeluang dipangkas untuk implementasi tahun ini.

""Jadi kepala BGN yang baru orangnya cukup bagus ya, bagus malah. Itu sudah melakukan efisiensi Implementasi program itu, sudah ada penghematan yang besar. Tahun ini kan tadinya anggarannya Rp 330 triliun, turun ke Rp 270 triliun, Rp 240 triliun. Dan saya pikir tahun ini implementasinya akan di bawah itu, di bawah Rp 200 triliun mungkin dugaan saya,"" jelasnya.

Purbaya menambahkan, implementasi MBG saat ini lebih terkendali yang diharapkan semakin baik. Ia juga mengaku akan ikut mengawasi pelaksanaan program tersebut, khususnya pada operasional Satuan Pelayanan Pemenuhan Gizi (SPPG).

""Jadi saya kerahkan orang Dirjen Perbendaharaan di seluruh Indonesia untuk memonitor secara berkala SPPG-SPPG yang ada di setiap daerah Indonesia. Itu akan menjadi penambahan tentang pelaksanaan program itu, nanti kalau ada yang ngaco-ngaco kita kasih masukkan ke BGN bahwa di satu tempat SPPG tertentu melakukan kesalahan dan kalau nggak didenger kita kurangin anggarannya,"" pungkasnya.",https://finance.detik.com/berita-ekonomi-bisnis/d-8654222/purbaya-ngaku-tak-pusingkan-anggaran-bgn-tahun-ini-tak-sampai-rp-200-t
42,Terbongkar Masalah di Balik Keracunan MBG di Sidoarjo,"Menteri Koordinator Bidang Pangan Zulkifli Hasan (Zulhas) meminta agar pihak yang bertanggung jawab atas operasional Satuan Pelayanan Pemenuhan Gizi (SPPG) Kalitengah, Sidoarjo diberikan tindakan tegas.

Hal ini menyusul dugaan insiden keamanan pangan yang menyebabkan lebih dari 500 santri dan penerima manfaat mengalami gangguan kesehatan. Zulhas mengatakan seharusnya paket makanan dikonsumsi sebelum pukul 10.00. Namun, justru paket MBG tiba baru pukul 11.00.

""Tidak boleh ada toleransi ya, kepada petugas yang tidak bertanggung jawab. Itu kan makan dimasak jam setengah enam, jam enam, harusnya dimakan jam sepuluh, jam sebelas. Dikirimnya jam sebelas,"" ujar Zulhas saat ditemui di JICC, Jakarta Pusat, Jumat (4/9/2026).

SCROLL TO CONTINUE WITH CONTENT

Saat disinggung mengenai bentuk sanksi yang akan diberikan, Zulhas menyatakan tindakan pemecatan hingga proses hukum menanti pihak-pihak yang terbukti sengaja melakukan pelanggaran.

""Tegas, ya dipecat. Kalau yang sengaja, ya ditindak,"" katanya.

Zulhas telah meminta Badan Gizi Nasional (BGN) mengambil tindakan tegas terhadap pihak yang bertanggung jawab atas operasional Satuan Pelayanan Pemenuhan Gizi (SPPG) Kalitengah, Sidoarjo, menyusul dugaan insiden keamanan pangan yang menyebabkan lebih dari 500 santri dan penerima manfaat mengalami gangguan kesehatan.

Zulhas menegaskan tidak ada toleransi untuk keselamatan penerima manfaat Program Makan Bergizi Gratis (MBG). Setiap dugaan kelalaian harus diperiksa secara menyeluruh dan, apabila terbukti terjadi pelanggaran, harus diikuti tindakan tegas.

Zulhas langsung menghubungi Kepala BGN untuk meminta penjelasan mengenai insiden tersebut sekaligus memastikan penanganan terhadap para korban menjadi prioritas.

Penyebab Keracunan MBG
Berdasarkan laporan pemeriksaan sementara yang diterima Zulhas dari Kepala BGN, terdapat indikasi ketidakpatuhan terhadap standar kedisiplinan dalam penyelenggaraan dan penyajian MBG di SPPG tersebut. Pemeriksaan lebih lanjut masih dilakukan untuk memastikan penyebab kejadian serta pihak yang harus bertanggung jawab.

""Saya minta diperiksa sampai tuntas. Kalau terbukti kepala SPPG tidak bertanggung jawab, tindak tegas. Tidak ada toleransi. Memberi makan anak-anak kita adalah tanggung jawab yang sangat besar karena menyangkut kesehatan , keselamatan dan masa depan manusia,"" ucap Zulhas dalam keterangannya.

Ia juga meminta agar penindakan tidak berhenti pada sanksi administratif apabila dalam pemeriksaan ditemukan unsur pelanggaran hukum.

""Kalau memang ditemukan pelanggaran hukum, jangan ragu diproses sesuai ketentuan, termasuk diteruskan kepada aparat penegak hukum. Harus ada efek jera. Seluruh Kepala SPPG dan pengelola dapur MBG harus memahami bahwa tanggung jawab mereka bukan sekadar menyiapkan dan membagikan makanan, tetapi memastikan makanan yang diterima anak-anak aman dan layak dikonsumsi,"" tambahnya.

Pemerintah memastikan insiden Sidoarjo menjadi bahan evaluasi serius untuk semakin memperketat pengawasan dan disiplin operasional SPPG di seluruh Indonesia. Langkah tersebut merupakan kelanjutan dari pembenahan tata kelola MBG yang telah dilakukan secara nasional.

Dalam evaluasi sebelumnya terhadap 27.485 SPPG yang telah beroperasi, pemerintah menemukan 3.515 SPPG di 324 kabupaten/kota belum memiliki Sertifikat Laik Higiene Sanitasi (SLHS), terdiri atas 3.060 SPPG yang belum mengajukan dan 455 SPPG yang tidak memenuhi persyaratan.

Pemerintah telah memutuskan penindakan terhadap SPPG yang tidak memenuhi persyaratan tersebut. Penertiban juga dilakukan terhadap sumber daya manusia. Sebanyak 249 Kepala SPPG telah diberhentikan karena berbagai pelanggaran, termasuk terkait insiden keamanan pangan, ketidakhadiran lebih dari 10 hari kerja, kasus phishing, serta pelanggaran disiplin lainnya.

Kepala SPPG juga diwajibkan menjalankan disiplin operasional secara ketat, termasuk hadir sejak proses produksi dimulai sekitar pukul 02.00 dini hari hingga seluruh distribusi makanan selesai sekitar pukul 08.00-09.00 pagi. Kehadiran Kepala SPPG diperlukan untuk memastikan seluruh tahapan produksi, pengolahan, penyajian, hingga distribusi makanan dilaksanakan sesuai standar.

""Program MBG terus kita perbaiki. Kita tidak hanya mengejar berapa banyak dapur yang beroperasi atau berapa banyak penerima manfaat. Yang utama adalah makanan harus aman, bergizi, dan prosesnya memenuhi standar. Kalau standar tidak dipenuhi, kita tindak,"" kata Zulhas

Zulhas menegaskan bahwa setiap insiden keamanan pangan harus menjadi alarm bagi seluruh SPPG di Indonesia untuk meningkatkan disiplin, bukan hanya dalam memenuhi persyaratan administratif, tetapi terutama dalam menjalankan standar higiene, sanitasi, pengolahan, penyimpanan, penyajian, dan distribusi makanan.

""Satu kejadian saja harus kita anggap serius. Apalagi kalau sampai ratusan anak terdampak. MBG adalah program untuk memperbaiki gizi dan masa depan anak-anak Indonesia. Karena itu, keselamatan mereka tidak boleh dikompromikan,"" tegas ia.",https://finance.detik.com/berita-ekonomi-bisnis/d-8649271/terbongkar-masalah-di-balik-keracunan-mbg-di-sidoarjo
43,Prabowo Bicara MBG hingga Swasembada Pangan di Depan Putin,"Presiden Prabowo Subianto buka-bukaan soal program prioritas pemerintahannya di depan Presiden Rusia Vladimir Putin. Program itu antara lain, Makan Bergizi Gratis (MBG) hingga swasembada pangan dan energi.

Program prioritas tersebut disampaikan Prabowo dalam acara Eastern Economic Forum 2026, di Vladivostok, Rusia. Dalam acara tersebut, Prabowo satu panggung dengan Vladimir Putin.

Mulanya, Prabowo mengungkapkan pemerintahannya akan mengedepankan pembangunan untuk kepentingan rakyat Indonesia. Menurutnya pembangunan harus menjadi kebaikan terbesar bagi sebanyak-banyaknya orang.

SCROLL TO CONTINUE WITH CONTENT

Prabowo menilai kekayaan besar suatu kawasan harus dapat diterjemahkan menjadi kehidupan yang lebih baik bagi masyarakat yang tinggal di tempat itu.

""Pemerintah harus melindungi mereka yang lemah, mengelola sumber daya nasional dengan baik, memberantas korupsi, serta berinvestasi untuk kebutuhan jangka panjang rakyat dan bangsa. Itulah arti pembangunan untuk kepentingan rakyat, kebaikan terbesar bagi sebanyak-banyaknya orang,"" ungkap Prabowo dalam pidatonya yang disiarkan virtual, Kamis (3/9/2026).

Prabowo menekankan pembangunan tidak boleh hanya memberikan manfaat kepada segelintir orang. Secara praktis, pembangunan harus bisa diukur secara langsung dari kualitas meja makan setiap masyarakat.

""Pembangunan harus diukur dari meja makan keluarga-keluarga biasa apakah anak-anak mendapatkan makanan bergizi,"" ujar Prabowo.

Pembangunan juga dapat diukur dari kondisi petani dapat memperoleh pupuk dan menjual hasil panennya dengan harga yang wajar. Lalu, diukur berdasarkan setiap keluarga dapat tinggal di rumah yang layak dan generasi muda dapat memperoleh pekerjaan yang produktif.

Lebih lanjut, pembangunan juga dapat diukur dari apakah listrik dapat menjangkau setiap rumah di setiap desa.

Sebagai pemimpin Indonesia, Prabowo pun bilang dirinya banyak menjalankan program untuk mendukung pembangunan ideal yang dipaparkannya. Mulai dari MBG hingga swasembada pangan dan energi.

""Inilah alasan Indonesia menyediakan makanan bergizi gratis bagi seluruh anak-anak kita dan para ibu mereka yang sedang hamil. Inilah alasan kami mengejar swasembada pangan dan ketahanan energi. Inilah alasan kami mempercepat hilirisasi industri agar sumber daya alam kita dapat menciptakan industri, keterampilan, dan lapangan kerja yang baik di dalam negeri,"" jelas Prabowo.

Prabowo menambahkan, Pemerintah Indonesia menginginkan pertumbuhan ekonomi yang lebih cepat. Pertumbuhan ekonomi yang dapat mengangkat jutaan orang keluar dari kemiskinan menuju kehidupan yang bermartabat.",https://finance.detik.com/berita-ekonomi-bisnis/d-8647308/prabowo-bicara-mbg-hingga-swasembada-pangan-di-depan-putin
44,"Insentif Dapur MBG Rp 6 Juta/ Hari Bakal Diubah, Ini Bocorannya","Selama ini Sentra Pelayanan Pemenuhan Gizi (SPPG) atau dapur program Makan Bergizi Gratis (MBG) mendapat insentif Rp 6 juta/hari. Rencananya, Badan Gizi Nasional (BGN) akan mengubah insentif tersebut.

Kepala BGN Sudaryono menyiapkan Peraturan Kepala Badan yang mengatur perubahan skema insentif tersebut.

""Gini, yang berlaku itu sampai dengan hari ini itu kan peraturan lama. Saya semenjak jadi kepala badan, saya sudah mengajukan peraturan kepala badan yang harapannya di minggu ini itu sudah keluar, sehingga di minggu ini, rencana besok atau Senin saya mau umumkan perubahan insentif,"" ujarnya saat ditemui di Gedung DPR, Jakarta, Kamis (3/9/2026).

SCROLL TO CONTINUE WITH CONTENT

Sudaryono menjelaskan melalui skema baru tersebut setiap SPPG tidak mendapatkan insentif yang besarannya sama. Pemberian insentif akan diberikan sesuai dengan kapasitas produksi masing-masing dapur.

""Iya (disesuaikan) Sekarang tidak rata semua kemudian, satu dapur semua kemudian dibayar Rp 6 juta, itu tidak adil,"" terang Sudaryono.

Dia menambahkan, skema pemberian insentif sebesar Rp 6 juta per hari yang selama ini berjalan untuk semua dapur, tidak adil. Pasalnya, dalam aturan insentif yang lama itu tak ada perbedaan antara SPPG yang mampu memproduksi 3.000 porsi dan 2.000 atau 2.500 porsi per hari.",finance.detik.com/berita-ekonomi-bisnis/d-8647521/insentif-dapur-mbg-rp-6-juta-hari-bakal-diubah-ini-bocorannya
45,"Video: Kepala BGN Usul Anggaran MBG Tahun 2027 Rp 232,5 T","Komisi IX DPR menggelar rapat dengan Kepala Badan Gizi Nasional (BGN) Sudaryono. Rapat membahas terkait rancangan kerja dan anggaran BGN.

Dalam rapat tersebut, Sudaryono mengusulkan anggaran program Makan Bergizi Gratis (MBG) pada tahun 2027 sebesar Rp 232,5 triliun.",https://20.detik.com/detikupdate/20260903-260903113/video-kepala-bgn-usul-anggaran-mbg-tahun-2027-rp-232-5-t
46,Prabowo Sebut Raksasa Aluminium Rusia Mau Bangun Pabrik di RI,"Presiden Prabowo Subianto mengatakan raksasa aluminium Rusia, UC Rusal bakal membuka pabrik pengolahan di Indonesia. Menurutnya, kehadiran Rusal akan membantu Indonesia melakukan hilirisasi pertambangan.

Aluminium merupakan salah satu turunan dari bijih bauksit yang banyak ditambang di Indonesia. Rusal akan membantu Indonesia melakukan pengolahan pada komoditas tersebut.

""Kami juga melangkah jauh di sektor pengolahan, misalnya di bidang pertambangan, kami bekerja sama dengan Rusal, yang menurut saya merupakan perusahaan aluminium terbesar di dunia. Rusal akan masuk secara besar-besaran ke Indonesia. Rusal akan mengembangkan pabrik pengolahan bersama dengan kelompok usaha Indonesia,"" beber Prabowo saat ikut berdialog di acara Eastern Economic Forum, Vladivostok, Rusia, Kamis (3/9/2026).

SCROLL TO CONTINUE WITH CONTENT

Selain proyek pengolahan aluminium, Prabowo bilang ada satu proyek lagi yang diteken dengan perusahaan Rusia. Dia bilang dalam kunjungannya ke Vladivostok, nota kesepahaman baru saja ditandatangani oleh perusahaan pupuk Indonesia dengan perusahaan besar Rusia.

Keduanya akan mengembangkan proyek produksi pupuk berbahan baku gas di wilayah Timur Jauh Rusia. Sayangnya, Prabowo enggan merinci seperti apa proyek yang dimaksud dan dua perusahaan yang bekerja sama apa saja.

""Hari ini, sebuah nota kesepahaman (MoU) juga telah ditandatangani antara perusahaan pupuk kami dan salah satu kelompok usaha terbesar di Rusia untuk investasi bersama dalam proyek produksi pupuk berbahan baku gas di wilayah Timur Jauh Rusia ini,"" ujar Prabowo.",https://finance.detik.com/industri/d-8646995/prabowo-sebut-raksasa-aluminium-rusia-mau-bangun-pabrik-di-ri
47,"Asumsi Makro RAPBN 2027 Disetujui, DPR Minta Pemerintah Jaga Defisit-Utang","Komisi XI Dewan Perwakilan Rakyat (DPR) menyetujui asumsi dasar dalam Rancangan Undang-Undang (RUU) Anggaran Pendapatan dan Belanja Negara (APBN) Tahun Anggaran (TA) 2027. Namun Komisi XI meminta pemerintah untuk melaporkan perkembangan dan evaluasi asumsi makro APBN 2027 secara rutin setiap tiga bulan.

Ketua Komisi XI DPR, Misbakhun, mengatakan perkembangan dan evaluasi APBN 2027 nantinya disampaikan oleh Kementerian Keuangan, Kementerian PPN/Bappenas, Bank Indonesia (BI), Otoritas Jasa Keuangan (OJK), Lembaga Penjamin Simpanan (LPS), dan Badan Pengelola Investasi (BPI) Daya Anagara Nusantara (Danantara).

""Laporan perkembangan dan evaluasi asumsi makro dalam pelaksanaan APBN setiap 3 bulan pada tahun 2027,"" ungkap Misbakhun dalam rapat kerja bersama pemerintah di Kompleks Parlemen, Senayan, Jakarta, Rabu (2/9/2026).

SCROLL TO CONTINUE WITH CONTENT

Ia mengatakan, laporan tersebut memuat perkembangan dan realisasi indikator ekonomi makro mencakup pertumbuhan ekonomi, inflasi, nilai tukar, tingkat suku bunga surat berharga negara. Kemudian laporan yang memuat dampak perkembangan dan realisasi APBN 2027 terhadap pendapatan negara, belanja negara, keseimbangan primer, defisit anggaran, pembiayaan anggaran, dan posisi utang pemerintah.

Selanjutnya, Komisi XI DPR RI melalui rapat kerja akan memberikan rekomendasi kepada Kementerian Keuangan agar melakukan mitigasi risiko fiskal dan penyesuaian kebijakan APBN sehingga kesinambungan fiskal dan efektivitas APBN sebagai instrumen stabilisasi ekonomi serta mencapai sasaran pembangunan tetap terjaga.

Berdasarkan RAPBN 2027, diketahui pemerintah telah menetapkan defisit sebesar Rp 671,2 triliun atau setara dengan 2,40% terhadap produk domestik bruto (PDB). Adapun asumsi dasar ekonomi makro yang ditetapkan adalah nilai tukar rupiah sebesar Rp 17.500 dan suku bunga surat utang negara (SUN).

""Komisi XI DPR RI mencatat bahwa penurunan defisit dari outlook pada RAPBN 2026 sebesar 2,85% terhadap PDB menjadi 2,4% terhadap PDB pada RAPBN tahun 2027,"" ungkapnya.

Jaga Defisit dan Utang

Komisi XI juga meminta pemerintah memastikan defisit dan utang negara tetap dalam batas aman. Pengelolaannya harus dilakukan secara berkelanjutan, transparan, dan akuntabel, serta tetap mengedepankan prinsip kehati-hatian dan pengelolaan risiko. Dengan begitu, RAPBN dapat mendorong pertumbuhan ekonomi tanpa mengganggu kesehatan keuangan negara.

Pemerintah juga diminta memperkuat pasar keuangan dalam negeri untuk mengurangi dampak risiko dari luar negeri. Selain itu, pemerintah perlu memperluas jumlah investor, mencari sumber pembiayaan yang lebih beragam, serta mendorong pembiayaan untuk investasi.

Upaya tersebut juga dapat dilakukan melalui skema pembiayaan baru, termasuk kerja sama pemerintah dengan badan usaha (KPBU) dan blended finance atau pembiayaan yang menggabungkan dana dari pemerintah dan pihak swasta.

Kemudian dalam pelaksanaan pembiayaan investasi pada RAPBN 2027, pemerintah diminta untuk mengoptimalkan peran Danantara, Badan Usaha Milik Negara (BUMN) dan Special Mission Vehicle (SMV) untuk mendukung agenda prioritas nasional dan pengelolaan aset negara. Kemudian pemerintah juga diminta untuk membuat laporan persetujuan sebelum menggunakan Saldo Anggaran Lebih (SAL).

""Penggunaan saldo anggaran lebih yang kita kenal dengan SAL pada tahun anggaran berjalan harus mendapatkan persetujuan seperti DPR, sesuai peraturan perundangan-undangan yang berlaku. Pengelolaan SAL agar tetap dilakukan secara prudent dan optimal sebagai instrumen penyangga atau fiscal buffer dalam menghadapi ketidakpastian,"" tegas Misbakhun.

Selanjutnya, pemerintah diminta memastikan kebijakan defisit dan pembiayaan diimbangi dengan penguatan kondisi keuangan negara. Hal ini dapat dilakukan dengan meningkatkan pendapatan negara dan memperbaiki kualitas belanja. Dengan begitu, pengendalian defisit tidak hanya mengandalkan utang atau pembiayaan, tetapi juga ditopang oleh kondisi fiskal yang lebih kuat.

Pemerintah juga diminta memastikan setiap pembiayaan, terutama utang, digunakan untuk kegiatan yang produktif dan bisa mendorong pertumbuhan ekonomi. Pembiayaan tersebut diharapkan dapat menciptakan lapangan kerja, meningkatkan produktivitas, dan mendorong kesejahteraan masyarakat. Namun, penggunaannya tetap harus memperhatikan biaya, risiko, dan kemampuan keuangan negara dalam jangka panjang.

""Pemerintah dan bank Indonesia memperkuat sinergi kebijakan fiskal dan moneter dan sektor keuangan untuk menjaga stabilitas makroekonomi dan pasar keuangan sekaligus memastikan APBN tetap mampu menjalankan fungsi sebagai shock absorber dan agent of development di tengah ketidakpastian perekonomian global,"" pungkasnya.

Pemerintah wajib melaporkan profil utang yang mencakup posisi, struktur, dan indikator risiko utang, termasuk kepemilikan surat berharga negara (SBN) domestik yang diperdagangkan. Laporan tersebut disampaikan kepada Komisi XI DPR RI secara berkala. Terakhir, pemerintah diminta mengarahkan kebijakan pembiayaan non-utang sektor perumahan untuk masyarakat berpenghasilan rendah.",https://finance.detik.com/berita-ekonomi-bisnis/d-8645347/asumsi-makro-rapbn-2027-disetujui-dpr-minta-pemerintah-jaga-defisit-utang
48,"Pemerintah Mau Buka 3,49 Juta Lapangan Kerja, Bagaimana Caranya?","Kementerian Ketenagakerjaan (Kemenaker) menyiapkan strategi untuk membuka 3,49 juta lapangan kerja pada 2027. Menurut Menteri Ketenagakerjaan (Menaker) Yassierli, penyiapan sumber daya manusia (SDM) yang sesuai dengan kebutuhan industri menjadi fokusnya.

Kemnaker memiliki program magang nasional dan vokasi untuk lulusan perguruan tinggi hingga jenjang SMA-SMK. Program tersebut diharapkan bisa memperbesar peluang angkatan kerja agar masuk ke dunia kerja.

""Kan kita tadi ada pemagangan, ada vokasi, bagaimana kita terus berusaha mendekatkan industri, dengan pelatihan pemagangan. Jadi, dalam bab penyiapan tenaga kerja, itulah dua besar yang kita lakukan,"" kata Yassierli di kompleks DPR RI Senayan, Jakarta Pusat, Rabu (2/9/2026).

SCROLL TO CONTINUE WITH CONTENT

Kemnaker juga menjalin kolaborasi lintas kementerian untuk menyiapkan SDM yang siap masuk ke dunia kerja. Kerja sama dilakukan bersama Kementerian Pendidikan Dasar dan Menengah (Kemendikdasmen) serta Kementerian Pendidikan Tinggi, Sains, dan Teknologi (Kemendikti Saintek).

""Selain tentu kita terus ada MoU dengan Disdakmen, Kemendikti Saintek, kita ingin kolaborasi terkait dengan penyiapan tenaga kerja,"" tambah Yassierli.

Sementara itu, Kepala Badan Perencanaan dan Pengembangan Ketenagakerjaan (Barenbang) Kementerian Ketenagakerjaan Anwar Sanusi menekankan pentingnya dorongan formalisasi pada sektor-sektor kerja yang masih didominasi pasar informal.

Pemerintah membidik sektor-sektor prioritas nasional, salah satunya proyek hilirisasi yang dinilai masih sangat potensial membuka lapangan kerja baru. Sektor jasa hingga pertanian juga memiliki prospek pertumbuhan yang sangat kuat.

Terlebih lagi, kehadiran program Makan Bergizi Gratis (MBG) diyakini bakal menjadi stimulan utama untuk menggenjot sektor pertanian sebagai penyangga ketenagakerjaan nasional.

""Sebetulnya ada juga sektor yang ada tumbuh bagus, namun minat terlalu rendah, adalah sektor pertanian. Sektor pertanian itu sebenarnya growing dan menurut saya dengan adanya program nasional, seperti program MBG, ini memberikan stimulan bagaimana sektor pertanian juga menjadi penyangga,"" tutup Anwar.",https://finance.detik.com/berita-ekonomi-bisnis/d-8645481/pemerintah-mau-buka-3-49-juta-lapangan-kerja-bagaimana-caranya
49,"Anggaran Pendidikan Rp 820 Triliun, Rp 240 Triliun Dialokasikan buat MBG","Menteri Keuangan (Menkeu) Purbaya Yudhi Sadewa menyampaikan anggaran program makan bergizi gratis (MBG) untuk 2027 mencapai Rp 240 triliun.

Anggaran MBG tahun depan masih dialokasikan dalam pos anggaran pendidikan yang nilainya mencapai Rp 820,9 triliun.

""Kaitannya untuk MBG sekitar Rp 240 triliun untuk MBG,"" ujar Purbaya dalam konferensi pers di Kantor Pusat Direktorat Jenderal Pajak (DJP), Jakarta Selatan, Jumat (14/8/2026).

SCROLL TO CONTINUE WITH CONTENT

Dalam paparannya, program MBG pada 2027 membidik sekitar 60,6 juta penerima manfaat. Selain itu, Purbaya membeberkan sejumlah alokasi anggaran sektor pendidikan beserta peruntukannya.

Pertama, untuk Program Indonesia Pintar (PIP) bagi 22,1 juta siswa dengan alokasi sebesar Rp 15,9 triliun. Kedua, Kartu Indonesia Pintar (KIP) Kuliah untuk 1,1 juta mahasiswa senilai Rp 17 triliun.

Ketiga, pembangunan 7 Sekolah Unggul Garuda sebesar Rp 2,7 triliun. Keempat, renovasi Sekolah dan Madrasah 12.215 Unit sebesar Rp 18,2 triliun. Kelima, pembangunan 100 sekolah rakyat (SR) dan Operasional 166 SR Rp 32,9 triliun

""Untuk pembangunan 7 sekolah unggul Rp 2,7 triliun, renovasi sekolah Rp 18,2 triliun, pembangunan 100 SR Rp 32,9 triliun,"" jelas Purbaya.

Sementara itu, Menteri Koordinator Bidang Pangan Zulkifli Hasan menyampaikan anggaran program MBG 2027 sementara dialokasikan Rp 240 triliun.

""(anggaran) Rp 240 triliun sementara. Nanti kita lihat jika refocusing. Penerima manfaat kira-kira lebih kurang 70 juta,"" ujar Zulhas saat ditemui di kantor DJP.",https://finance.detik.com/berita-ekonomi-bisnis/d-8619294/anggaran-pendidikan-rp-820-triliun-rp-240-triliun-dialokasikan-buat-mbg
50,"Tingkat Pengangguran Turun Jadi 4,65%, BPS: Terendah Sejak 1994","Badan Pusat Statistik (BPS) melaporkan Tingkat Pengangguran Terbuka (TPT) pada Mei 2026 sebesar 4,65%. Angka ini mengalami penurunan 0,03% poin jika dibandingkan dengan Februari 2026. TPT adalah persentase jumlah penduduk yang menganggur dibandingkan dengan total jumlah angkatan kerja.

Deputi Bidang Neraca dan Analisis Statistik M. Edy Mahmud menyampaikan angka TPT pada Mei 2026 merupakan level terendah sejak tahun 1994.

""Jadi pengangguran Mei 2026 ini sebesar 4,65% merupakan TPT terendah sejak tahun 1994. Jadi sejak 1994, karena pada tahun 1994 berdasarkan berdasar Sakernas bulan Agustus kalau tidak salah, Sakernas Agustus, pengangguran itu mencapai 4,36%,"" ujar Edy dalam Konferensi Pers di Kantor BPS, Jakarta, Rabu (5/8/2026).

SCROLL TO CONTINUE WITH CONTENT

Pada Mei 2026, TPT laki-laki sebesar 4,85%, lebih tinggi dibanding TPT perempuan yang sebesar 4,32%. TPT laki-laki dan perempuan mengalami penurunan masing-masing sebesar 0,03% poin dan 0,04% poin dibandingkan Februari 2026.

Saat ditanya apakah penurunan tersebut ada kaitannya dengan program Makan Bergizi Gratis (MBG) maupun Koperasi Kelurahan/Desa Merah Putih, Edy hal itu tidak dapat disimpulkan secara langsung. Edy mengatakan penurunan ini terjadi karena adanya perkembangan lapangan usaha pada sektor-sektor tertentu. Misalnya sektor penyediaan makan dan minum.

""Jadi kalau secara langsung apakah dampak dari dari MBG atau KMP, mungkin tidak bisa dilihat secara langsung, tapi kita bisa melihat adanya peningkatan tenaga kerja pada sektor-sektor yang tadi saya sampaikan seperti penyediaan makan dan minum,"" ujar Edy.",https://finance.detik.com/berita-ekonomi-bisnis/d-8605354/tingkat-pengangguran-turun-jadi-4-65-bps-terendah-sejak-1994
